1996;7;2;Chang;Beverages;3;19,00;15,20;3,80;1596,00;1586;532,00;528,67
1996;7;5;Chef Anton's Gumbo Mix;Condiments;2;21,35;17,00;4,35;1309,00;1293,6;654,50;646,8
1996;7;7;Uncle Bob's Organic Dried Pears;Produce;1;30,00;24,00;6,00;360,00;360;360,00;360
1996;7;11;Queso Cabrales;Dairy Products;1;21,00;14,00;7,00;168,00;168;168,00;168
1996;7;12;Queso Manchego La Pastora;Dairy Products;1;38,00;30,40;7,60;364,80;364,2;364,80;364,2
1996;7;14;Tofu;Produce;1;23,25;18,60;4,65;167,40;167,4;167,40;167,4
1996;7;16;Pavlova;Confections;2;17,45;13,90;3,55;1320,50;1305,5;660,25;652,75
1996;7;17;Alice Mutton;Meat/Poultry;1;39,00;31,20;7,80;936,00;936;936,00;936
1996;7;20;Sir Rodney's Marmalade;Confections;1;81,00;64,80;16,20;2592,00;2590;2592,00;2590
1996;7;21;Sir Rodney's Scones;Confections;2;10,00;8,00;2,00;240,00;240;120,00;120
1996;7;22;Gustaf's Knäckebröd;Grains/Cereals;1;21,00;16,80;4,20;100,80;100,5;100,80;100,5
1996;7;24;Guaraná Fantástica;Beverages;2;4,50;3,60;0,90;154,80;152,55;77,40;76,27
1996;7;27;Schoggi Schokolade;Confections;1;43,90;35,10;8,80;877,50;877,5;877,50;877,5
1996;7;29;Thüringer Rostbratwurst;Meat/Poultry;1;123,79;99,00;24,79;990,00;990;990,00;990
1996;7;30;Nord-Ost Matjeshering;Seafood;1;25,89;20,70;5,19;1242,00;1227;1242,00;1227
1996;7;31;Gorgonzola Telino;Dairy Products;1;12,50;10,00;2,50;200,00;200;200,00;200
1996;7;32;Mascarpone Fabioli;Dairy Products;1;32,00;25,60;6,40;153,60;152,4;153,60;152,4
1996;7;33;Geitost;Dairy Products;2;2,50;2,00;0,50;170,00;165,75;85,00;82,88
1996;7;35;Steeleye Stout;Beverages;1;18,00;14,40;3,60;288,00;288;288,00;288
1996;7;36;Inlagd Sill;Seafood;1;19,00;15,20;3,80;380,00;380;380,00;380
1996;7;37;Gravad lax;Seafood;1;26,00;20,80;5,20;20,80;20,8;20,80;20,8
1996;7;39;Chartreuse verte;Beverages;2;18,00;14,40;3,60;691,20;691,2;345,60;345,6
1996;7;40;Boston Crab Meat;Seafood;1;18,40;14,70;3,70;735,00;735;735,00;735
1996;7;41;Jack's New England Clam Chowder;Seafood;3;9,65;7,70;1,95;392,70;384,95;130,90;128,32
1996;7;42;Singaporean Hokkien Fried Mee;Grains/Cereals;1;14,00;9,80;4,20;98,00;98;98,00;98
1996;7;49;Maxilaku;Confections;1;20,00;16,00;4,00;640,00;640;640,00;640
1996;7;51;Manjimup Dried Apples;Produce;2;53,00;42,40;10,60;3180,00;3174,75;1590,00;1587,38
1996;7;53;Perth Pasties;Meat/Poultry;1;32,80;26,20;6,60;393,00;393;393,00;393
1996;7;55;Pâté chinois;Meat/Poultry;1;24,00;19,20;4,80;403,20;400,05;403,20;400,05
1996;7;56;Gnocchi di nonna Alice;Grains/Cereals;1;38,00;30,40;7,60;60,80;60,8;60,80;60,8
1996;7;57;Ravioli Angelo;Grains/Cereals;2;19,50;15,60;3,90;1014,00;1013,25;507,00;506,63
1996;7;59;Raclette Courdavault;Dairy Products;2;55,00;44,00;11,00;4400,00;4389,5;2200,00;2194,75
1996;7;60;Camembert Pierrot;Dairy Products;1;34,00;27,20;6,80;1088,00;1088;1088,00;1088
1996;7;62;Tarte au sucre;Confections;1;49,30;39,40;9,90;591,00;587,25;591,00;587,25
1996;7;65;Louisiana Fiery Hot Pepper Sauce;Condiments;2;21,05;16,80;4,25;588,00;585,75;294,00;292,88
1996;7;70;Outback Lager;Beverages;2;15,00;12,00;3,00;492,00;486,75;246,00;243,38
1996;7;72;Mozzarella di Giovanni;Dairy Products;3;34,80;30,13;4,67;841,20;840,2;280,40;280,07
1996;7;74;Longlife Tofu;Produce;2;10,00;8,00;2,00;456,00;447;228,00;223,5
1996;7;76;Lakkalikööri;Beverages;1;18,00;14,40;3,60;216,00;213,75;216,00;213,75
1996;7;77;Original Frankfurter grüne Soße;Condiments;2;13,00;10,40;2,60;280,80;280,8;140,40;140,4
1996;8;1;Chai;Beverages;2;18,00;14,40;3,60;907,20;898,2;453,60;449,1
1996;8;3;Aniseed Syrup;Condiments;1;10,00;8,00;2,00;240,00;240;240,00;240
1996;8;5;Chef Anton's Gumbo Mix;Condiments;1;21,35;17,00;4,35;340,00;340;340,00;340
1996;8;10;Ikura;Seafood;2;31,00;24,80;6,20;967,20;966;483,60;483
1996;8;13;Konbu;Seafood;2;6,00;4,80;1,20;144,00;142;72,00;71
1996;8;15;Genen Shouyu;Condiments;1;15,50;12,40;3,10;248,00;248;248,00;248
1996;8;16;Pavlova;Confections;1;17,45;13,90;3,55;556,00;550;556,00;550
1996;8;17;Alice Mutton;Meat/Poultry;2;39,00;31,20;7,80;936,00;932,25;468,00;466,13
1996;8;18;Carnarvon Tigers;Seafood;1;62,50;50,00;12,50;600,00;600;600,00;600
1996;8;19;Teatime Chocolate Biscuits;Confections;2;9,20;7,30;1,90;138,70;138,7;69,35;69,35
1996;8;20;Sir Rodney's Marmalade;Confections;2;81,00;64,80;16,20;1684,80;1684,8;842,40;842,4
1996;8;24;Guaraná Fantástica;Beverages;4;4,50;3,60;0,90;144,00;143,4;36,00;35,85
1996;8;27;Schoggi Schokolade;Confections;1;43,90;35,10;8,80;526,50;522,75;526,50;522,75
1996;8;28;Rössle Sauerkraut;Produce;1;45,60;36,40;9,20;728,00;728;728,00;728
1996;8;29;Thüringer Rostbratwurst;Meat/Poultry;1;123,79;99,00;24,79;1485,00;1485;1485,00;1485
1996;8;30;Nord-Ost Matjeshering;Seafood;1;25,89;20,70;5,19;124,20;124,2;124,20;124,2
1996;8;31;Gorgonzola Telino;Dairy Products;2;12,50;10,00;2,50;550,00;549,25;275,00;274,63
1996;8;33;Geitost;Dairy Products;2;2,50;2,00;0,50;88,00;88;44,00;44
1996;8;34;Sasquatch Ale;Beverages;1;14,00;11,20;2,80;224,00;224;224,00;224
1996;8;35;Steeleye Stout;Beverages;2;18,00;14,40;3,60;1497,60;1497,6;748,80;748,8
1996;8;36;Inlagd Sill;Seafood;1;19,00;15,20;3,80;456,00;456;456,00;456
1996;8;40;Boston Crab Meat;Seafood;2;18,40;14,70;3,70;1470,00;1459;735,00;729,5
1996;8;43;Ipoh Coffee;Beverages;2;46,00;36,80;9,20;1472,00;1472;736,00;736
1996;8;44;Gula Malacca;Condiments;3;19,45;15,50;3,95;945,50;943,1;315,17;314,37
1996;8;46;Spegesild;Seafood;1;12,00;9,60;2,40;144,00;141,75;144,00;141,75
1996;8;49;Maxilaku;Confections;1;20,00;16,00;4,00;240,00;240;240,00;240
1996;8;51;Manjimup Dried Apples;Produce;1;53,00;42,40;10,60;84,80;84,6;84,80;84,6
1996;8;53;Perth Pasties;Meat/Poultry;1;32,80;26,20;6,60;943,20;936;943,20;936
1996;8;54;Tourtière;Meat/Poultry;1;7,45;5,90;1,55;59,00;58;59,00;58
1996;8;55;Pâté chinois;Meat/Poultry;1;24,00;19,20;4,80;384,00;384;384,00;384
1996;8;57;Ravioli Angelo;Grains/Cereals;1;19,50;15,60;3,90;31,20;31,2;31,20;31,2
1996;8;59;Raclette Courdavault;Dairy Products;2;55,00;44,00;11,00;924,00;923,7;462,00;461,85
1996;8;60;Camembert Pierrot;Dairy Products;3;34,00;27,20;6,80;2067,20;2062,2;689,07;687,4
1996;8;62;Tarte au sucre;Confections;2;49,30;39,40;9,90;2048,80;2048,8;1024,40;1024,4
1996;8;63;Vegie-spread;Condiments;2;43,90;35,10;8,80;456,30;456,3;228,15;228,15
1996;8;64;Wimmers gute Semmelknödel;Grains/Cereals;1;33,25;26,60;6,65;239,40;239,4;239,40;239,4
1996;8;67;Laughing Lumberjack Lager;Beverages;1;14,00;11,20;2,80;56,00;54,75;56,00;54,75
1996;8;68;Scottish Longbreads;Confections;1;12,50;10,00;2,50;30,00;29,7;30,00;29,7
1996;8;71;Flotemysost;Dairy Products;1;21,50;17,20;4,30;344,00;344;344,00;344
1996;8;72;Mozzarella di Giovanni;Dairy Products;3;34,80;27,80;7,00;945,20;945,2;315,07;315,07
1996;8;73;Röd Kaviar;Seafood;1;15,00;12,00;3,00;300,00;300;300,00;300
1996;8;75;Rhönbräu Klosterbier;Beverages;3;7,75;6,20;1,55;260,40;260,4;86,80;86,8
1996;8;76;Lakkalikööri;Beverages;1;18,00;14,40;3,60;475,20;473,55;475,20;473,55
1996;8;77;Original Frankfurter grüne Soße;Condiments;1;13,00;10,40;2,60;104,00;104;104,00;104
1996;9;1;Chai;Beverages;1;18,00;14,40;3,60;288,00;288;288,00;288
1996;9;2;Chang;Beverages;1;19,00;15,20;3,80;608,00;608;608,00;608
1996;9;4;Chef Anton's Cajun Seasoning;Condiments;1;22,00;17,60;4,40;352,00;352;352,00;352
1996;9;6;Grandma's Boysenberry Spread;Condiments;1;25,00;20,00;5,00;600,00;600;600,00;600
1996;9;11;Queso Cabrales;Dairy Products;1;21,00;16,80;4,20;201,60;201,6;201,60;201,6
1996;9;16;Pavlova;Confections;2;17,45;13,90;3,55;556,00;556;278,00;278
1996;9;17;Alice Mutton;Meat/Poultry;1;39,00;31,20;7,80;1248,00;1248;1248,00;1248
1996;9;18;Carnarvon Tigers;Seafood;1;62,50;50,00;12,50;1250,00;1247,5;1250,00;1247,5
1996;9;19;Teatime Chocolate Biscuits;Confections;1;9,20;7,30;1,90;109,50;109,5;109,50;109,5
1996;9;28;Rössle Sauerkraut;Produce;2;45,60;36,40;9,20;1164,80;1164,8;582,40;582,4
1996;9;29;Thüringer Rostbratwurst;Meat/Poultry;1;123,79;99,00;24,79;2475,00;2472,5;2475,00;2472,5
1996;9;30;Nord-Ost Matjeshering;Seafood;1;25,89;20,70;5,19;207,00;207;207,00;207
1996;9;32;Mascarpone Fabioli;Dairy Products;1;32,00;25,60;6,40;1024,00;1020;1024,00;1020
1996;9;34;Sasquatch Ale;Beverages;1;14,00;11,20;2,80;156,80;156,8;156,80;156,8
1996;9;36;Inlagd Sill;Seafood;2;19,00;15,20;3,80;790,40;780,4;395,20;390,2
1996;9;39;Chartreuse verte;Beverages;2;18,00;14,40;3,60;1296,00;1293;648,00;646,5
1996;9;40;Boston Crab Meat;Seafood;2;18,40;14,70;3,70;735,00;731;367,50;365,5
1996;9;41;Jack's New England Clam Chowder;Seafood;1;9,65;7,70;1,95;77,00;77;77,00;77
1996;9;42;Singaporean Hokkien Fried Mee;Grains/Cereals;2;14,00;11,20;2,80;89,60;89,6;44,80;44,8
1996;9;43;Ipoh Coffee;Beverages;3;46,00;36,80;9,20;2060,80;2060,8;686,93;686,93
1996;9;49;Maxilaku;Confections;1;20,00;16,00;4,00;480,00;480;480,00;480
1996;9;53;Perth Pasties;Meat/Poultry;2;32,80;26,20;6,60;786,00;786;393,00;393
1996;9;54;Tourtière;Meat/Poultry;1;7,45;5,90;1,55;29,50;29,5;29,50;29,5
1996;9;56;Gnocchi di nonna Alice;Grains/Cereals;2;38,00;30,40;7,60;729,60;729,6;364,80;364,8
1996;9;58;Escargots de Bourgogne;Seafood;1;13,25;10,60;2,65;318,00;315;318,00;315
1996;9;59;Raclette Courdavault;Dairy Products;2;55,00;44,00;11,00;1760,00;1752,5;880,00;876,25
1996;9;62;Tarte au sucre;Confections;5;49,30;39,40;9,90;4925,00;4922,5;985,00;984,5
1996;9;65;Louisiana Fiery Hot Pepper Sauce;Condiments;1;21,05;16,80;4,25;504,00;501;504,00;501
1996;9;66;Louisiana Hot Spiced Okra;Condiments;1;17,00;13,60;3,40;408,00;408;408,00;408
1996;9;68;Scottish Longbreads;Confections;3;12,50;10,00;2,50;380,00;378,5;126,67;126,17
1996;9;69;Gudbrandsdalsost;Dairy Products;3;36,00;28,80;7,20;662,40;662,4;220,80;220,8
1996;9;70;Outback Lager;Beverages;3;15,00;12,00;3,00;660,00;660;220,00;220
1996;9;71;Flotemysost;Dairy Products;2;21,50;17,20;4,30;86,00;86;43,00;43
1996;9;72;Mozzarella di Giovanni;Dairy Products;1;34,80;27,80;7,00;556,00;556;556,00;556
1996;9;75;Rhönbräu Klosterbier;Beverages;1;7,75;6,20;1,55;62,00;62;62,00;62
1996;10;2;Chang;Beverages;3;19,00;15,20;3,80;851,20;840;283,73;280
1996;10;4;Chef Anton's Cajun Seasoning;Condiments;3;22,00;17,60;4,40;915,20;913,4;305,07;304,47
1996;10;6;Grandma's Boysenberry Spread;Condiments;1;25,00;20,00;5,00;120,00;120;120,00;120
1996;10;11;Queso Cabrales;Dairy Products;1;21,00;16,80;4,20;840,00;830;840,00;830
1996;10;13;Konbu;Seafood;1;6,00;4,80;1,20;57,60;57,6;57,60;57,6
1996;10;14;Tofu;Produce;2;23,25;18,60;4,65;353,40;353,4;176,70;176,7
1996;10;15;Genen Shouyu;Condiments;1;15,50;12,40;3,10;62,00;62;62,00;62
1996;10;16;Pavlova;Confections;1;17,45;13,90;3,55;291,90;288,75;291,90;288,75
1996;10;17;Alice Mutton;Meat/Poultry;3;39,00;31,20;7,80;3057,60;3054,1;1019,20;1018,03
1996;10;18;Carnarvon Tigers;Seafood;2;62,50;50,00;12,50;3000,00;2991;1500,00;1495,5
1996;10;19;Teatime Chocolate Biscuits;Confections;1;9,20;7,30;1,90;73,00;72,5;73,00;72,5
1996;10;21;Sir Rodney's Scones;Confections;1;10,00;8,00;2,00;80,00;79;80,00;79
1996;10;23;Tunnbröd;Grains/Cereals;1;9,00;7,20;1,80;288,00;288;288,00;288
1996;10;25;NuNuCa Nuß-Nougat-Creme;Confections;1;14,00;11,20;2,80;44,80;44,8;44,80;44,8
1996;10;26;Gumbär Gummibärchen;Confections;2;31,23;24,90;6,33;1842,60;1835,1;921,30;917,55
1996;10;28;Rössle Sauerkraut;Produce;1;45,60;36,40;9,20;509,60;509,6;509,60;509,6
1996;10;30;Nord-Ost Matjeshering;Seafood;3;25,89;20,70;5,19;1200,60;1193,2;400,20;397,73
1996;10;31;Gorgonzola Telino;Dairy Products;3;12,50;10,00;2,50;850,00;833,8;283,33;277,93
1996;10;32;Mascarpone Fabioli;Dairy Products;1;32,00;25,60;6,40;153,60;152,4;153,60;152,4
1996;10;33;Geitost;Dairy Products;1;2,50;2,00;0,50;16,00;16;16,00;16
1996;10;35;Steeleye Stout;Beverages;2;18,00;14,40;3,60;1152,00;1141,5;576,00;570,75
1996;10;36;Inlagd Sill;Seafood;2;19,00;15,20;3,80;912,00;904;456,00;452
1996;10;37;Gravad lax;Seafood;1;26,00;20,80;5,20;582,40;582,4;582,40;582,4
1996;10;38;Côte de Blaye;Beverages;1;263,50;210,80;52,70;4216,00;4215;4216,00;4215
1996;10;39;Chartreuse verte;Beverages;1;18,00;14,40;3,60;57,60;57,6;57,60;57,6
1996;10;41;Jack's New England Clam Chowder;Seafood;2;9,65;7,70;1,95;246,40;245,8;123,20;122,9
1996;10;42;Singaporean Hokkien Fried Mee;Grains/Cereals;1;14,00;11,20;2,80;112,00;110;112,00;110
1996;10;43;Ipoh Coffee;Beverages;1;46,00;36,80;9,20;1472,00;1470;1472,00;1470
1996;10;46;Spegesild;Seafood;1;12,00;9,60;2,40;288,00;288;288,00;288
1996;10;47;Zaanse koeken;Confections;1;9,50;7,60;1,90;121,60;118,4;121,60;118,4
1996;10;51;Manjimup Dried Apples;Produce;1;53,00;42,40;10,60;2035,20;2025,6;2035,20;2025,6
1996;10;52;Filo Mix;Grains/Cereals;2;7,00;5,60;1,40;156,80;156,8;78,40;78,4
1996;10;54;Tourtière;Meat/Poultry;1;7,45;5,90;1,55;88,50;88,5;88,50;88,5
1996;10;55;Pâté chinois;Meat/Poultry;1;24,00;19,20;4,80;768,00;760;768,00;760
1996;10;56;Gnocchi di nonna Alice;Grains/Cereals;1;38,00;30,40;7,60;364,80;364,2;364,80;364,2
1996;10;57;Ravioli Angelo;Grains/Cereals;1;19,50;15,60;3,90;249,60;249,6;249,60;249,6
1996;10;58;Escargots de Bourgogne;Seafood;1;13,25;10,60;2,65;318,00;312;318,00;312
1996;10;59;Raclette Courdavault;Dairy Products;3;55,00;44,00;11,00;2552,00;2544,65;850,67;848,22
1996;10;62;Tarte au sucre;Confections;1;49,30;39,40;9,90;1103,20;1103,2;1103,20;1103,2
1996;10;63;Vegie-spread;Condiments;1;43,90;35,10;8,80;2808,00;2796;2808,00;2796
1996;10;64;Wimmers gute Semmelknödel;Grains/Cereals;1;33,25;26,60;6,65;1330,00;1330;1330,00;1330
1996;10;65;Louisiana Fiery Hot Pepper Sauce;Condiments;1;21,05;16,80;4,25;672,00;672;672,00;672
1996;10;68;Scottish Longbreads;Confections;3;12,50;10,00;2,50;240,00;239,8;80,00;79,93
1996;10;71;Flotemysost;Dairy Products;2;21,50;17,20;4,30;1204,00;1200;602,00;600
1996;10;72;Mozzarella di Giovanni;Dairy Products;3;34,80;27,80;7,00;2502,00;2498,25;834,00;832,75
1996;10;75;Rhönbräu Klosterbier;Beverages;1;7,75;6,20;1,55;310,00;310;310,00;310
1996;10;76;Lakkalikööri;Beverages;3;18,00;14,40;3,60;734,40;734,4;244,80;244,8
1996;11;1;Chai;Beverages;2;18,00;14,40;3,60;388,80;386,55;194,40;193,27
1996;11;4;Chef Anton's Cajun Seasoning;Condiments;1;22,00;17,60;4,40;616,00;616;616,00;616
1996;11;8;Northwoods Cranberry Sauce;Condiments;2;40,00;32,00;8,00;4480,00;4462,5;2240,00;2231,25
1996;11;10;Ikura;Seafood;1;31,00;24,80;6,20;744,00;738;744,00;738
1996;11;11;Queso Cabrales;Dairy Products;2;21,00;16,80;4,20;604,80;602,4;302,40;301,2
1996;11;16;Pavlova;Confections;1;17,45;13,90;3,55;778,40;775,6;778,40;775,6
1996;11;17;Alice Mutton;Meat/Poultry;1;39,00;31,20;7,80;1123,20;1119,6;1123,20;1119,6
1996;11;19;Teatime Chocolate Biscuits;Confections;1;9,20;7,30;1,90;584,00;584;584,00;584
1996;11;21;Sir Rodney's Scones;Confections;1;10,00;8,00;2,00;40,00;39,5;40,00;39,5
1996;11;23;Tunnbröd;Grains/Cereals;1;9,00;7,20;1,80;180,00;180;180,00;180
1996;11;24;Guaraná Fantástica;Beverages;3;4,50;3,60;0,90;162,00;161,5;54,00;53,83
1996;11;25;NuNuCa Nuß-Nougat-Creme;Confections;2;14,00;11,20;2,80;672,00;672;336,00;336
1996;11;26;Gumbär Gummibärchen;Confections;1;31,23;24,90;6,33;398,40;398,4;398,40;398,4
1996;11;28;Rössle Sauerkraut;Produce;2;45,60;36,40;9,20;1565,20;1563,9;782,60;781,95
1996;11;29;Thüringer Rostbratwurst;Meat/Poultry;2;123,79;99,00;24,79;3861,00;3861;1930,50;1930,5
1996;11;31;Gorgonzola Telino;Dairy Products;3;12,50;10,00;2,50;1200,00;1196,5;400,00;398,83
1996;11;34;Sasquatch Ale;Beverages;2;14,00;11,20;2,80;515,20;514,7;257,60;257,35
1996;11;36;Inlagd Sill;Seafood;1;19,00;15,20;3,80;304,00;303;304,00;303
1996;11;38;Côte de Blaye;Beverages;3;263,50;210,80;52,70;16864,00;16853;5621,33;5617,67
1996;11;39;Chartreuse verte;Beverages;2;18,00;14,40;3,60;1497,60;1484,7;748,80;742,35
1996;11;40;Boston Crab Meat;Seafood;1;18,40;14,70;3,70;58,80;58,8;58,80;58,8
1996;11;41;Jack's New England Clam Chowder;Seafood;1;9,65;7,70;1,95;100,10;100,1;100,10;100,1
1996;11;42;Singaporean Hokkien Fried Mee;Grains/Cereals;1;14,00;11,20;2,80;100,80;100,8;100,80;100,8
1996;11;44;Gula Malacca;Condiments;1;19,45;15,50;3,95;1193,50;1189,65;1193,50;1189,65
1996;11;49;Maxilaku;Confections;1;20,00;16,00;4,00;560,00;560;560,00;560
1996;11;50;Valkoinen suklaa;Confections;1;16,25;13,00;3,25;195,00;193,5;195,00;193,5
1996;11;51;Manjimup Dried Apples;Produce;1;53,00;42,40;10,60;848,00;848;848,00;848
1996;11;54;Tourtière;Meat/Poultry;5;7,45;5,90;1,55;672,60;669,6;134,52;133,92
1996;11;55;Pâté chinois;Meat/Poultry;1;24,00;19,20;4,80;230,40;230,4;230,40;230,4
1996;11;56;Gnocchi di nonna Alice;Grains/Cereals;1;38,00;30,40;7,60;608,00;608;608,00;608
1996;11;57;Ravioli Angelo;Grains/Cereals;2;19,50;15,60;3,90;780,00;780;390,00;390
1996;11;60;Camembert Pierrot;Dairy Products;3;34,00;27,20;6,80;3889,60;3878,5;1296,53;1292,83
1996;11;64;Wimmers gute Semmelknödel;Grains/Cereals;1;33,25;26,60;6,65;931,00;927,5;931,00;927,5
1996;11;65;Louisiana Fiery Hot Pepper Sauce;Condiments;3;21,05;16,80;4,25;504,00;503,5;168,00;167,83
1996;11;69;Gudbrandsdalsost;Dairy Products;3;36,00;28,80;7,20;1958,40;1956,6;652,80;652,2
1996;11;71;Flotemysost;Dairy Products;1;21,50;17,20;4,30;86,00;86;86,00;86
1996;11;75;Rhönbräu Klosterbier;Beverages;2;7,75;6,20;1,55;111,60;110,7;55,80;55,35
1996;11;76;Lakkalikööri;Beverages;1;18,00;14,40;3,60;172,80;172,8;172,80;172,8
1996;11;77;Original Frankfurter grüne Soße;Condiments;2;13,00;10,40;2,60;124,80;124,8;62,40;62,4
1996;12;1;Chai;Beverages;1;18,00;14,40;3,60;216,00;213,75;216,00;213,75
1996;12;2;Chang;Beverages;1;19,00;15,20;3,80;380,00;373,75;380,00;373,75
1996;12;5;Chef Anton's Gumbo Mix;Condiments;1;21,35;17,00;4,35;544,00;544;544,00;544
1996;12;7;Uncle Bob's Organic Dried Pears;Produce;1;30,00;24,00;6,00;240,00;238;240,00;238
1996;12;10;Ikura;Seafood;1;31,00;24,80;6,20;396,80;396,8;396,80;396,8
1996;12;13;Konbu;Seafood;3;6,00;4,80;1,20;230,40;230,4;76,80;76,8
1996;12;14;Tofu;Produce;2;23,25;18,60;4,65;1060,20;1049,7;530,10;524,85
1996;12;18;Carnarvon Tigers;Seafood;1;62,50;50,00;12,50;450,00;450;450,00;450
1996;12;20;Sir Rodney's Marmalade;Confections;2;81,00;64,80;16,20;2592,00;2589;1296,00;1294,5
1996;12;21;Sir Rodney's Scones;Confections;1;10,00;8,00;2,00;80,00;78,5;80,00;78,5
1996;12;23;Tunnbröd;Grains/Cereals;1;9,00;7,20;1,80;288,00;288;288,00;288
1996;12;24;Guaraná Fantástica;Beverages;2;4,50;3,60;0,90;108,00;108;54,00;54
1996;12;25;NuNuCa Nuß-Nougat-Creme;Confections;1;14,00;11,20;2,80;78,40;76,65;78,40;76,65
1996;12;26;Gumbär Gummibärchen;Confections;1;31,23;24,90;6,33;1743,00;1725,5;1743,00;1725,5
1996;12;28;Rössle Sauerkraut;Produce;2;45,60;36,40;9,20;946,40;943,4;473,20;471,7
1996;12;29;Thüringer Rostbratwurst;Meat/Poultry;2;123,79;99,00;24,79;3366,00;3366;1683,00;1683
1996;12;30;Nord-Ost Matjeshering;Seafood;1;25,89;20,70;5,19;372,60;370,8;372,60;370,8
1996;12;31;Gorgonzola Telino;Dairy Products;4;12,50;10,00;2,50;1640,00;1631,9;410,00;407,97
1996;12;33;Geitost;Dairy Products;1;2,50;2,00;0,50;120,00;120;120,00;120
1996;12;34;Sasquatch Ale;Beverages;1;14,00;11,20;2,80;112,00;112;112,00;112
1996;12;35;Steeleye Stout;Beverages;2;18,00;14,40;3,60;1008,00;1004;504,00;502
1996;12;36;Inlagd Sill;Seafood;1;19,00;15,20;3,80;91,20;90;91,20;90
1996;12;38;Côte de Blaye;Beverages;1;263,50;210,80;52,70;8432,00;8422;8432,00;8422
1996;12;39;Chartreuse verte;Beverages;1;18,00;14,40;3,60;288,00;285;288,00;285
1996;12;41;Jack's New England Clam Chowder;Seafood;1;9,65;7,70;1,95;61,60;60,8;61,60;60,8
1996;12;45;Rogede sild;Seafood;1;9,50;7,60;1,90;114,00;111;114,00;111
1996;12;46;Spegesild;Seafood;2;12,00;9,60;2,40;700,80;698;350,40;349
1996;12;50;Valkoinen suklaa;Confections;1;16,25;13,00;3,25;195,00;195;195,00;195
1996;12;51;Manjimup Dried Apples;Produce;1;53,00;42,40;10,60;763,20;760,5;763,20;760,5
1996;12;52;Filo Mix;Grains/Cereals;1;7,00;5,60;1,40;112,00;108;112,00;108
1996;12;53;Perth Pasties;Meat/Poultry;3;32,80;26,20;6,60;3406,00;3397;1135,33;1132,33
1996;12;54;Tourtière;Meat/Poultry;1;7,45;5,90;1,55;59,00;59;59,00;59
1996;12;55;Pâté chinois;Meat/Poultry;2;24,00;19,20;4,80;2592,00;2580;1296,00;1290
1996;12;56;Gnocchi di nonna Alice;Grains/Cereals;2;38,00;30,40;7,60;1155,20;1150,7;577,60;575,35
1996;12;58;Escargots de Bourgogne;Seafood;2;13,25;10,60;2,65;1007,00;991;503,50;495,5
1996;12;59;Raclette Courdavault;Dairy Products;1;55,00;44,00;11,00;528,00;528;528,00;528
1996;12;60;Camembert Pierrot;Dairy Products;4;34,00;27,20;6,80;3019,20;2997,1;754,80;749,28
1996;12;62;Tarte au sucre;Confections;2;49,30;39,40;9,90;1182,00;1182;591,00;591
1996;12;63;Vegie-spread;Condiments;1;43,90;35,10;8,80;561,60;560;561,60;560
1996;12;64;Wimmers gute Semmelknödel;Grains/Cereals;1;33,25;26,60;6,65;798,00;798;798,00;798
1996;12;65;Louisiana Fiery Hot Pepper Sauce;Condiments;1;21,05;16,80;4,25;336,00;334;336,00;334
1996;12;68;Scottish Longbreads;Confections;2;12,50;10,00;2,50;680,00;678,4;340,00;339,2
1996;12;69;Gudbrandsdalsost;Dairy Products;2;36,00;28,80;7,20;1670,40;1670,4;835,20;835,2
1996;12;70;Outback Lager;Beverages;2;15,00;12,00;3,00;720,00;720;360,00;360
1996;12;71;Flotemysost;Dairy Products;5;21,50;17,20;4,30;2769,20;2759,2;553,84;551,84
1996;12;72;Mozzarella di Giovanni;Dairy Products;3;34,80;27,80;7,00;2418,60;2405,7;806,20;801,9
1996;12;74;Longlife Tofu;Produce;3;10,00;8,00;2,00;672,00;669;224,00;223
1996;12;76;Lakkalikööri;Beverages;1;18,00;14,40;3,60;504,00;504;504,00;504
1996;12;77;Original Frankfurter grüne Soße;Condiments;1;13,00;10,40;2,60;145,60;145,6;145,60;145,6
1997;1;1;Chai;Beverages;2;18,00;14,40;3,60;489,60;489,6;244,80;244,8
1997;1;2;Chang;Beverages;1;19,00;15,20;3,80;912,00;912;912,00;912
1997;1;3;Aniseed Syrup;Condiments;1;10,00;8,00;2,00;400,00;400;400,00;400
1997;1;9;Mishi Kobe Niku;Meat/Poultry;1;97,00;77,60;19,40;1552,00;1550;1552,00;1550
1997;1;11;Queso Cabrales;Dairy Products;1;21,00;16,80;4,20;504,00;504;504,00;504
1997;1;13;Konbu;Seafood;1;6,00;4,80;1,20;9,60;9,4;9,60;9,4
1997;1;14;Tofu;Produce;3;23,25;18,60;4,65;1246,20;1244,2;415,40;414,73
1997;1;16;Pavlova;Confections;1;17,45;13,90;3,55;291,90;288,75;291,90;288,75
1997;1;17;Alice Mutton;Meat/Poultry;3;39,00;31,20;7,80;3026,40;3004,9;1008,80;1001,63
1997;1;19;Teatime Chocolate Biscuits;Confections;3;9,20;7,30;1,90;306,60;305,1;102,20;101,7
1997;1;21;Sir Rodney's Scones;Confections;3;10,00;8,00;2,00;736,00;733;245,33;244,33
1997;1;23;Tunnbröd;Grains/Cereals;1;9,00;7,20;1,80;432,00;432;432,00;432
1997;1;26;Gumbär Gummibärchen;Confections;4;31,23;24,90;6,33;1792,80;1791,3;448,20;447,82
1997;1;28;Rössle Sauerkraut;Produce;1;45,60;36,40;9,20;1528,80;1524,6;1528,80;1524,6
1997;1;29;Thüringer Rostbratwurst;Meat/Poultry;1;123,79;99,00;24,79;2079,00;2079;2079,00;2079
1997;1;30;Nord-Ost Matjeshering;Seafood;1;25,89;20,70;5,19;372,60;372,6;372,60;372,6
1997;1;31;Gorgonzola Telino;Dairy Products;1;12,50;10,00;2,50;140,00;140;140,00;140
1997;1;33;Geitost;Dairy Products;3;2,50;2,00;0,50;238,00;238;79,33;79,33
1997;1;35;Steeleye Stout;Beverages;2;18,00;14,40;3,60;1368,00;1356;684,00;678
1997;1;36;Inlagd Sill;Seafood;1;19,00;15,20;3,80;76,00;75,5;76,00;75,5
1997;1;37;Gravad lax;Seafood;1;26,00;20,80;5,20;208,00;208;208,00;208
1997;1;38;Côte de Blaye;Beverages;2;263,50;210,80;52,70;20869,20;20859,4;10434,60;10429,7
1997;1;40;Boston Crab Meat;Seafood;2;18,40;14,70;3,70;764,40;751,7;382,20;375,85
1997;1;41;Jack's New England Clam Chowder;Seafood;1;9,65;7,70;1,95;192,50;187,5;192,50;187,5
1997;1;42;Singaporean Hokkien Fried Mee;Grains/Cereals;1;14,00;11,20;2,80;448,00;446;448,00;446
1997;1;44;Gula Malacca;Condiments;1;19,45;15,50;3,95;620,00;612;620,00;612
1997;1;46;Spegesild;Seafood;2;12,00;9,60;2,40;211,20;210,7;105,60;105,35
1997;1;47;Zaanse koeken;Confections;2;9,50;7,60;1,90;646,00;638,5;323,00;319,25
1997;1;48;Chocolade;Confections;1;12,75;10,20;2,55;714,00;703,5;714,00;703,5
1997;1;49;Maxilaku;Confections;2;20,00;16,00;4,00;960,00;958,5;480,00;479,25
1997;1;50;Valkoinen suklaa;Confections;1;16,25;13,00;3,25;520,00;520;520,00;520
1997;1;53;Perth Pasties;Meat/Poultry;2;32,80;26,20;6,60;655,00;652,75;327,50;326,38
1997;1;54;Tourtière;Meat/Poultry;2;7,45;5,90;1,55;271,40;271,4;135,70;135,7
1997;1;55;Pâté chinois;Meat/Poultry;1;24,00;19,20;4,80;192,00;189,5;192,00;189,5
1997;1;56;Gnocchi di nonna Alice;Grains/Cereals;3;38,00;30,40;7,60;3192,00;3192;1064,00;1064
1997;1;57;Ravioli Angelo;Grains/Cereals;1;19,50;15,60;3,90;312,00;312;312,00;312
1997;1;59;Raclette Courdavault;Dairy Products;4;55,00;44,00;11,00;5060,00;5044,2;1265,00;1261,05
1997;1;60;Camembert Pierrot;Dairy Products;1;34,00;27,20;6,80;1632,00;1629;1632,00;1629
1997;1;61;Sirop d'érable;Condiments;1;28,50;22,80;5,70;364,80;364,8;364,80;364,8
1997;1;62;Tarte au sucre;Confections;2;49,30;39,40;9,90;2955,00;2955;1477,50;1477,5
1997;1;63;Vegie-spread;Condiments;2;43,90;35,10;8,80;3510,00;3501,25;1755,00;1750,63
1997;1;64;Wimmers gute Semmelknödel;Grains/Cereals;1;33,25;26,60;6,65;186,20;186,2;186,20;186,2
1997;1;65;Louisiana Fiery Hot Pepper Sauce;Condiments;1;21,05;16,80;4,25;336,00;336;336,00;336
1997;1;68;Scottish Longbreads;Confections;2;12,50;10,00;2,50;660,00;645;330,00;322,5
1997;1;69;Gudbrandsdalsost;Dairy Products;2;36,00;28,80;7,20;1008,00;1007;504,00;503,5
1997;1;70;Outback Lager;Beverages;1;15,00;12,00;3,00;96,00;95,2;96,00;95,2
1997;1;71;Flotemysost;Dairy Products;2;21,50;17,20;4,30;1290,00;1290;645,00;645
1997;1;73;Röd Kaviar;Seafood;1;15,00;12,00;3,00;240,00;238;240,00;238
1997;1;74;Longlife Tofu;Produce;1;10,00;8,00;2,00;120,00;120;120,00;120
1997;1;76;Lakkalikööri;Beverages;2;18,00;14,40;3,60;489,60;484,6;244,80;242,3
1997;1;77;Original Frankfurter grüne Soße;Condiments;2;13,00;10,40;2,60;468,00;466,5;234,00;233,25
1997;2;2;Chang;Beverages;2;19,00;15,20;3,80;836,00;829,25;418,00;414,63
1997;2;7;Uncle Bob's Organic Dried Pears;Produce;1;30,00;24,00;6,00;384,00;383,2;384,00;383,2
1997;2;10;Ikura;Seafood;2;31,00;24,80;6,20;843,20;839,2;421,60;419,6
1997;2;11;Queso Cabrales;Dairy Products;3;21,00;16,80;4,20;705,60;704,4;235,20;234,8
1997;2;12;Queso Manchego La Pastora;Dairy Products;1;38,00;30,40;7,60;456,00;456;456,00;456
1997;2;16;Pavlova;Confections;3;17,45;13,90;3,55;1181,50;1170,15;393,83;390,05
1997;2;17;Alice Mutton;Meat/Poultry;1;39,00;31,20;7,80;312,00;312;312,00;312
1997;2;19;Teatime Chocolate Biscuits;Confections;3;9,20;7,30;1,90;489,10;484,9;163,03;161,63
1997;2;21;Sir Rodney's Scones;Confections;2;10,00;8,00;2,00;640,00;624;320,00;312
1997;2;22;Gustaf's Knäckebröd;Grains/Cereals;1;21,00;16,80;4,20;201,60;201,6;201,60;201,6
1997;2;24;Guaraná Fantástica;Beverages;1;4,50;3,60;0,90;72,00;70;72,00;70
1997;2;26;Gumbär Gummibärchen;Confections;3;31,23;24,90;6,33;1269,90;1269,9;423,30;423,3
1997;2;27;Schoggi Schokolade;Confections;1;43,90;35,10;8,80;1755,00;1755;1755,00;1755
1997;2;28;Rössle Sauerkraut;Produce;3;45,60;36,40;9,20;2074,80;2074,8;691,60;691,6
1997;2;29;Thüringer Rostbratwurst;Meat/Poultry;1;123,79;99,00;24,79;2376,00;2372,4;2376,00;2372,4
1997;2;30;Nord-Ost Matjeshering;Seafood;1;25,89;20,70;5,19;579,60;572,6;579,60;572,6
1997;2;31;Gorgonzola Telino;Dairy Products;1;12,50;10,00;2,50;30,00;29,7;30,00;29,7
1997;2;33;Geitost;Dairy Products;1;2,50;2,00;0,50;40,00;36;40,00;36
1997;2;34;Sasquatch Ale;Beverages;1;14,00;11,20;2,80;224,00;220;224,00;220
1997;2;35;Steeleye Stout;Beverages;1;18,00;14,40;3,60;115,20;115,2;115,20;115,2
1997;2;39;Chartreuse verte;Beverages;2;18,00;14,40;3,60;374,40;374,4;187,20;187,2
1997;2;40;Boston Crab Meat;Seafood;1;18,40;14,70;3,70;294,00;294;294,00;294
1997;2;41;Jack's New England Clam Chowder;Seafood;1;9,65;7,70;1,95;231,00;231;231,00;231
1997;2;43;Ipoh Coffee;Beverages;1;46,00;36,80;9,20;736,00;736;736,00;736
1997;2;44;Gula Malacca;Condiments;1;19,45;15,50;3,95;1550,00;1545;1550,00;1545
1997;2;46;Spegesild;Seafood;3;12,00;9,60;2,40;336,00;333;112,00;111
1997;2;48;Chocolade;Confections;1;12,75;10,20;2,55;153,00;151,5;153,00;151,5
1997;2;49;Maxilaku;Confections;1;20,00;16,00;4,00;336,00;332,85;336,00;332,85
1997;2;52;Filo Mix;Grains/Cereals;2;7,00;5,60;1,40;196,00;194,5;98,00;97,25
1997;2;53;Perth Pasties;Meat/Poultry;2;32,80;26,20;6,60;1703,00;1703;851,50;851,5
1997;2;54;Tourtière;Meat/Poultry;3;7,45;5,90;1,55;595,90;594,7;198,63;198,23
1997;2;55;Pâté chinois;Meat/Poultry;2;24,00;19,20;4,80;3456,00;3429;1728,00;1714,5
1997;2;56;Gnocchi di nonna Alice;Grains/Cereals;3;38,00;30,40;7,60;2523,20;2519,2;841,07;839,73
1997;2;57;Ravioli Angelo;Grains/Cereals;1;19,50;15,60;3,90;234,00;231;234,00;231
1997;2;59;Raclette Courdavault;Dairy Products;1;55,00;44,00;11,00;1584,00;1584;1584,00;1584
1997;2;61;Sirop d'érable;Condiments;2;28,50;22,80;5,70;2622,00;2608,5;1311,00;1304,25
1997;2;62;Tarte au sucre;Confections;1;49,30;39,40;9,90;1379,00;1379;1379,00;1379
1997;2;64;Wimmers gute Semmelknödel;Grains/Cereals;3;33,25;26,60;6,65;1888,60;1882,1;629,53;627,37
1997;2;65;Louisiana Fiery Hot Pepper Sauce;Condiments;2;21,05;16,80;4,25;1058,40;1055,6;529,20;527,8
1997;2;66;Louisiana Hot Spiced Okra;Condiments;1;17,00;13,60;3,40;816,00;816;816,00;816
1997;2;68;Scottish Longbreads;Confections;1;12,50;10,00;2,50;210,00;204,75;210,00;204,75
1997;2;70;Outback Lager;Beverages;1;15,00;12,00;3,00;300,00;297,5;300,00;297,5
1997;2;71;Flotemysost;Dairy Products;3;21,50;17,20;4,30;1410,40;1410,4;470,13;470,13
1997;2;72;Mozzarella di Giovanni;Dairy Products;2;34,80;27,80;7,00;1390,00;1390;695,00;695
1997;2;74;Longlife Tofu;Produce;1;10,00;8,00;2,00;240,00;240;240,00;240
1997;2;75;Rhönbräu Klosterbier;Beverages;2;7,75;6,20;1,55;173,60;170,2;86,80;85,1
1997;2;76;Lakkalikööri;Beverages;1;18,00;14,40;3,60;259,20;256,5;259,20;256,5
1997;2;77;Original Frankfurter grüne Soße;Condiments;1;13,00;10,40;2,60;572,00;566,5;572,00;566,5
1997;3;1;Chai;Beverages;1;18,00;14,40;3,60;216,00;216;216,00;216
1997;3;2;Chang;Beverages;2;19,00;15,20;3,80;912,00;904;456,00;452
1997;3;3;Aniseed Syrup;Condiments;1;10,00;8,00;2,00;160,00;158;160,00;158
1997;3;4;Chef Anton's Cajun Seasoning;Condiments;1;22,00;17,60;4,40;281,60;278,4;281,60;278,4
1997;3;7;Uncle Bob's Organic Dried Pears;Produce;1;30,00;24,00;6,00;720,00;720;720,00;720
1997;3;10;Ikura;Seafood;1;31,00;24,80;6,20;496,00;495;496,00;495
1997;3;11;Queso Cabrales;Dairy Products;3;21,00;16,80;4,20;504,00;500,25;168,00;166,75
1997;3;13;Konbu;Seafood;1;6,00;4,80;1,20;4,80;4,8;4,80;4,8
1997;3;14;Tofu;Produce;1;23,25;18,60;4,65;223,20;223,2;223,20;223,2
1997;3;16;Pavlova;Confections;2;17,45;13,90;3,55;736,70;731,45;368,35;365,72
1997;3;18;Carnarvon Tigers;Seafood;1;62,50;50,00;12,50;1500,00;1500;1500,00;1500
1997;3;19;Teatime Chocolate Biscuits;Confections;2;9,20;7,30;1,90;189,80;189,8;94,90;94,9
1997;3;21;Sir Rodney's Scones;Confections;2;10,00;8,00;2,00;280,00;274,75;140,00;137,38
1997;3;23;Tunnbröd;Grains/Cereals;2;9,00;7,20;1,80;259,20;259,2;129,60;129,6
1997;3;24;Guaraná Fantástica;Beverages;3;4,50;3,60;0,90;478,80;474,8;159,60;158,27
1997;3;25;NuNuCa Nuß-Nougat-Creme;Confections;1;14,00;11,20;2,80;134,40;134,4;134,40;134,4
1997;3;26;Gumbär Gummibärchen;Confections;1;31,23;24,90;6,33;747,00;747;747,00;747
1997;3;28;Rössle Sauerkraut;Produce;1;45,60;36,40;9,20;655,20;655,2;655,20;655,2
1997;3;29;Thüringer Rostbratwurst;Meat/Poultry;1;123,79;99,00;24,79;1782,00;1780,2;1782,00;1780,2
1997;3;30;Nord-Ost Matjeshering;Seafood;1;25,89;20,70;5,19;165,60;165,6;165,60;165,6
1997;3;31;Gorgonzola Telino;Dairy Products;1;12,50;10,00;2,50;350,00;344,75;350,00;344,75
1997;3;33;Geitost;Dairy Products;1;2,50;2,00;0,50;24,00;24;24,00;24
1997;3;34;Sasquatch Ale;Beverages;1;14,00;11,20;2,80;392,00;390,25;392,00;390,25
1997;3;38;Côte de Blaye;Beverages;1;263,50;210,80;52,70;6324,00;6324;6324,00;6324
1997;3;39;Chartreuse verte;Beverages;1;18,00;14,40;3,60;288,00;283;288,00;283
1997;3;40;Boston Crab Meat;Seafood;4;18,40;14,70;3,70;896,70;896,7;224,18;224,17
1997;3;42;Singaporean Hokkien Fried Mee;Grains/Cereals;1;14,00;11,20;2,80;560,00;560;560,00;560
1997;3;43;Ipoh Coffee;Beverages;2;46,00;36,80;9,20;662,40;662,4;331,20;331,2
1997;3;44;Gula Malacca;Condiments;2;19,45;15,50;3,95;263,50;260,95;131,75;130,48
1997;3;45;Rogede sild;Seafood;1;9,50;7,60;1,90;228,00;225;228,00;225
1997;3;46;Spegesild;Seafood;1;12,00;9,60;2,40;48,00;48;48,00;48
1997;3;47;Zaanse koeken;Confections;1;9,50;7,60;1,90;228,00;228;228,00;228
1997;3;49;Maxilaku;Confections;1;20,00;16,00;4,00;384,00;384;384,00;384
1997;3;50;Valkoinen suklaa;Confections;1;16,25;13,00;3,25;325,00;325;325,00;325
1997;3;51;Manjimup Dried Apples;Produce;3;53,00;42,40;10,60;1950,40;1950,4;650,13;650,13
1997;3;53;Perth Pasties;Meat/Poultry;1;32,80;26,20;6,60;733,60;733,6;733,60;733,6
1997;3;54;Tourtière;Meat/Poultry;1;7,45;5,90;1,55;141,60;135,6;141,60;135,6
1997;3;55;Pâté chinois;Meat/Poultry;2;24,00;19,20;4,80;614,40;611,3;307,20;305,65
1997;3;56;Gnocchi di nonna Alice;Grains/Cereals;2;38,00;30,40;7,60;1520,00;1514;760,00;757
1997;3;59;Raclette Courdavault;Dairy Products;4;55,00;44,00;11,00;7128,00;7128;1782,00;1782
1997;3;60;Camembert Pierrot;Dairy Products;2;34,00;27,20;6,80;1632,00;1632;816,00;816
1997;3;64;Wimmers gute Semmelknödel;Grains/Cereals;2;33,25;26,60;6,65;1010,80;1010,8;505,40;505,4
1997;3;66;Louisiana Hot Spiced Okra;Condiments;1;17,00;13,60;3,40;816,00;807;816,00;807
1997;3;68;Scottish Longbreads;Confections;1;12,50;10,00;2,50;300,00;300;300,00;300
1997;3;70;Outback Lager;Beverages;2;15,00;12,00;3,00;864,00;858;432,00;429
1997;3;71;Flotemysost;Dairy Products;1;21,50;17,20;4,30;206,40;206,4;206,40;206,4
1997;3;73;Röd Kaviar;Seafood;1;15,00;12,00;3,00;240,00;236;240,00;236
1997;3;74;Longlife Tofu;Produce;1;10,00;8,00;2,00;128,00;128;128,00;128
1997;3;75;Rhönbräu Klosterbier;Beverages;2;7,75;6,20;1,55;285,20;285,2;142,60;142,6
1997;3;76;Lakkalikööri;Beverages;1;18,00;14,40;3,60;604,80;598,5;604,80;598,5
1997;3;77;Original Frankfurter grüne Soße;Condiments;2;13,00;10,40;2,60;384,80;382,25;192,40;191,12
1997;4;1;Chai;Beverages;1;18,00;18,00;0,00;720,00;712;720,00;712
1997;4;2;Chang;Beverages;1;19,00;19,00;0,00;228,00;228;228,00;228
1997;4;4;Chef Anton's Cajun Seasoning;Condiments;1;22,00;22,00;0,00;1100,00;1092,5;1100,00;1092,5
1997;4;7;Uncle Bob's Organic Dried Pears;Produce;1;30,00;30,00;0,00;1500,00;1492,5;1500,00;1492,5
1997;4;8;Northwoods Cranberry Sauce;Condiments;2;40,00;40,00;0,00;1360,00;1358,5;680,00;679,25
1997;4;9;Mishi Kobe Niku;Meat/Poultry;1;97,00;97,00;0,00;1552,00;1549,6;1552,00;1549,6
1997;4;10;Ikura;Seafood;1;31,00;31,00;0,00;496,00;495,2;496,00;495,2
1997;4;13;Konbu;Seafood;1;6,00;6,00;0,00;60,00;60;60,00;60
1997;4;14;Tofu;Produce;1;23,25;23,25;0,00;1627,50;1627,5;1627,50;1627,5
1997;4;15;Genen Shouyu;Condiments;1;15,50;15,50;0,00;186,00;185,4;186,00;185,4
1997;4;16;Pavlova;Confections;1;17,45;17,45;0,00;872,50;872,5;872,50;872,5
1997;4;18;Carnarvon Tigers;Seafood;1;62,50;62,50;0,00;1562,50;1560;1562,50;1560
1997;4;20;Sir Rodney's Marmalade;Confections;1;81,00;81,00;0,00;3159,00;3159;3159,00;3159
1997;4;21;Sir Rodney's Scones;Confections;2;10,00;10,00;0,00;520,00;512;260,00;256
1997;4;23;Tunnbröd;Grains/Cereals;1;9,00;7,20;1,80;72,00;72;72,00;72
1997;4;24;Guaraná Fantástica;Beverages;4;4,50;4,50;0,00;166,50;165;41,63;41,25
1997;4;25;NuNuCa Nuß-Nougat-Creme;Confections;2;14,00;12,60;1,40;924,00;919,2;462,00;459,6
1997;4;27;Schoggi Schokolade;Confections;1;43,90;43,90;0,00;5268,00;5268;5268,00;5268
1997;4;28;Rössle Sauerkraut;Produce;4;45,60;45,60;0,00;3009,60;3009,2;752,40;752,3
1997;4;29;Thüringer Rostbratwurst;Meat/Poultry;1;123,79;123,79;0,00;4456,44;4456,44;4456,44;4456,44
1997;4;30;Nord-Ost Matjeshering;Seafood;1;25,89;25,89;0,00;517,80;513,8;517,80;513,8
1997;4;31;Gorgonzola Telino;Dairy Products;1;12,50;10,00;2,50;200,00;199;200,00;199
1997;4;32;Mascarpone Fabioli;Dairy Products;1;32,00;32,00;0,00;1600,00;1590;1600,00;1590
1997;4;33;Geitost;Dairy Products;1;2,50;2,50;0,00;40,00;37,6;40,00;37,6
1997;4;35;Steeleye Stout;Beverages;1;18,00;18,00;0,00;54,00;54;54,00;54
1997;4;38;Côte de Blaye;Beverages;1;263,50;263,50;0,00;3952,50;3952,5;3952,50;3952,5
1997;4;39;Chartreuse verte;Beverages;1;18,00;18,00;0,00;180,00;180;180,00;180
1997;4;40;Boston Crab Meat;Seafood;2;18,40;18,40;0,00;552,00;547;276,00;273,5
1997;4;41;Jack's New England Clam Chowder;Seafood;3;9,65;9,00;0,65;1022,50;1014,5;340,83;338,17
1997;4;42;Singaporean Hokkien Fried Mee;Grains/Cereals;3;14,00;13,07;0,93;924,00;923;308,00;307,67
1997;4;43;Ipoh Coffee;Beverages;1;46,00;46,00;0,00;690,00;687,75;690,00;687,75
1997;4;44;Gula Malacca;Condiments;1;19,45;19,45;0,00;175,05;175,05;175,05;175,05
1997;4;45;Rogede sild;Seafood;1;9,50;9,50;0,00;199,50;199,5;199,50;199,5
1997;4;46;Spegesild;Seafood;1;12,00;12,00;0,00;108,00;106,65;108,00;106,65
1997;4;47;Zaanse koeken;Confections;1;9,50;9,50;0,00;57,00;56,1;57,00;56,1
1997;4;48;Chocolade;Confections;1;12,75;12,75;0,00;191,25;189;191,25;189
1997;4;49;Maxilaku;Confections;1;20,00;20,00;0,00;500,00;500;500,00;500
1997;4;52;Filo Mix;Grains/Cereals;1;7,00;7,00;0,00;42,00;42;42,00;42
1997;4;53;Perth Pasties;Meat/Poultry;3;32,80;32,80;0,00;688,80;688,8;229,60;229,6
1997;4;54;Tourtière;Meat/Poultry;1;7,45;7,45;0,00;149,00;149;149,00;149
1997;4;56;Gnocchi di nonna Alice;Grains/Cereals;4;38,00;34,20;3,80;5517,60;5517,6;1379,40;1379,4
1997;4;59;Raclette Courdavault;Dairy Products;1;55,00;55,00;0,00;220,00;220;220,00;220
1997;4;60;Camembert Pierrot;Dairy Products;3;34,00;34,00;0,00;3604,00;3589,1;1201,33;1196,37
1997;4;61;Sirop d'érable;Condiments;2;28,50;28,50;0,00;1140,00;1137;570,00;568,5
1997;4;62;Tarte au sucre;Confections;1;49,30;49,30;0,00;147,90;147,9;147,90;147,9
1997;4;65;Louisiana Fiery Hot Pepper Sauce;Condiments;3;21,05;19,63;1,42;1493,95;1492,45;497,98;497,48
1997;4;66;Louisiana Hot Spiced Okra;Condiments;1;17,00;13,60;3,40;136,00;135;136,00;135
1997;4;67;Laughing Lumberjack Lager;Beverages;1;14,00;14,00;0,00;420,00;420;420,00;420
1997;4;68;Scottish Longbreads;Confections;1;12,50;12,50;0,00;75,00;75;75,00;75
1997;4;69;Gudbrandsdalsost;Dairy Products;1;36,00;28,80;7,20;288,00;287;288,00;287
1997;4;70;Outback Lager;Beverages;2;15,00;15,00;0,00;300,00;298,6;150,00;149,3
1997;4;72;Mozzarella di Giovanni;Dairy Products;1;34,80;27,80;7,00;695,00;695;695,00;695
1997;4;75;Rhönbräu Klosterbier;Beverages;2;7,75;7,75;0,00;666,50;662,9;333,25;331,45
1997;4;77;Original Frankfurter grüne Soße;Condiments;2;13,00;10,40;2,60;312,00;312;156,00;156
1997;5;1;Chai;Beverages;1;18,00;18,00;0,00;144,00;142,8;144,00;142,8
1997;5;3;Aniseed Syrup;Condiments;1;10,00;10,00;0,00;600,00;600;600,00;600
1997;5;4;Chef Anton's Cajun Seasoning;Condiments;2;22,00;22,00;0,00;2200,00;2192,5;1100,00;1096,25
1997;5;7;Uncle Bob's Organic Dried Pears;Produce;1;30,00;30,00;0,00;300,00;300;300,00;300
1997;5;10;Ikura;Seafood;1;31,00;31,00;0,00;62,00;62;62,00;62
1997;5;11;Queso Cabrales;Dairy Products;5;21,00;21,00;0,00;1953,00;1947,25;390,60;389,45
1997;5;12;Queso Manchego La Pastora;Dairy Products;2;38,00;38,00;0,00;1710,00;1701,75;855,00;850,88
1997;5;13;Konbu;Seafood;2;6,00;6,00;0,00;108,00;108;54,00;54
1997;5;16;Pavlova;Confections;3;17,45;17,45;0,00;1465,80;1458,3;488,60;486,1
1997;5;17;Alice Mutton;Meat/Poultry;3;39,00;39,00;0,00;2847,00;2843,7;949,00;947,9
1997;5;19;Teatime Chocolate Biscuits;Confections;1;9,20;9,20;0,00;92,00;92;92,00;92
1997;5;20;Sir Rodney's Marmalade;Confections;1;81,00;81,00;0,00;1215,00;1213,5;1215,00;1213,5
1997;5;21;Sir Rodney's Scones;Confections;2;10,00;10,00;0,00;210,00;209,4;105,00;104,7
1997;5;22;Gustaf's Knäckebröd;Grains/Cereals;1;21,00;21,00;0,00;504,00;504;504,00;504
1997;5;23;Tunnbröd;Grains/Cereals;2;9,00;9,00;0,00;810,00;798,5;405,00;399,25
1997;5;24;Guaraná Fantástica;Beverages;1;4,50;4,50;0,00;157,50;154;157,50;154
1997;5;26;Gumbär Gummibärchen;Confections;1;31,23;31,23;0,00;1249,20;1249,2;1249,20;1249,2
1997;5;28;Rössle Sauerkraut;Produce;1;45,60;45,60;0,00;319,20;319,2;319,20;319,2
1997;5;30;Nord-Ost Matjeshering;Seafood;3;25,89;25,89;0,00;906,15;906,15;302,05;302,05
1997;5;31;Gorgonzola Telino;Dairy Products;4;12,50;12,50;0,00;1687,50;1679,25;421,88;419,81
1997;5;32;Mascarpone Fabioli;Dairy Products;1;32,00;32,00;0,00;768,00;764,4;768,00;764,4
1997;5;33;Geitost;Dairy Products;3;2,50;2,50;0,00;132,50;130,9;44,17;43,63
1997;5;34;Sasquatch Ale;Beverages;1;14,00;14,00;0,00;140,00;137,5;140,00;137,5
1997;5;35;Steeleye Stout;Beverages;3;18,00;18,00;0,00;1008,00;1005;336,00;335
1997;5;36;Inlagd Sill;Seafood;3;19,00;19,00;0,00;2280,00;2277;760,00;759
1997;5;37;Gravad lax;Seafood;1;26,00;26,00;0,00;468,00;466,2;468,00;466,2
1997;5;38;Côte de Blaye;Beverages;2;263,50;263,50;0,00;8959,00;8958,6;4479,50;4479,3
1997;5;40;Boston Crab Meat;Seafood;3;18,40;18,40;0,00;644,00;639,5;214,67;213,17
1997;5;41;Jack's New England Clam Chowder;Seafood;2;9,65;9,65;0,00;193,00;192,4;96,50;96,2
1997;5;43;Ipoh Coffee;Beverages;2;46,00;46,00;0,00;3910,00;3910;1955,00;1955
1997;5;44;Gula Malacca;Condiments;1;19,45;19,45;0,00;778,00;778;778,00;778
1997;5;45;Rogede sild;Seafood;1;9,50;9,50;0,00;950,00;935;950,00;935
1997;5;49;Maxilaku;Confections;1;20,00;20,00;0,00;120,00;120;120,00;120
1997;5;51;Manjimup Dried Apples;Produce;2;53,00;53,00;0,00;2862,00;2854,8;1431,00;1427,4
1997;5;54;Tourtière;Meat/Poultry;3;7,45;7,45;0,00;365,05;361,85;121,68;120,62
1997;5;55;Pâté chinois;Meat/Poultry;1;24,00;24,00;0,00;336,00;336;336,00;336
1997;5;56;Gnocchi di nonna Alice;Grains/Cereals;1;38,00;38,00;0,00;1140,00;1135,5;1140,00;1135,5
1997;5;57;Ravioli Angelo;Grains/Cereals;1;19,50;19,50;0,00;97,50;97;97,50;97
1997;5;58;Escargots de Bourgogne;Seafood;1;13,25;13,25;0,00;265,00;265;265,00;265
1997;5;59;Raclette Courdavault;Dairy Products;2;55,00;55,00;0,00;935,00;933,5;467,50;466,75
1997;5;60;Camembert Pierrot;Dairy Products;1;34,00;34,00;0,00;1190,00;1181,25;1190,00;1181,25
1997;5;61;Sirop d'érable;Condiments;2;28,50;28,50;0,00;855,00;854;427,50;427
1997;5;62;Tarte au sucre;Confections;2;49,30;49,30;0,00;2958,00;2957;1479,00;1478,5
1997;5;65;Louisiana Fiery Hot Pepper Sauce;Condiments;1;21,05;21,05;0,00;757,80;754,2;757,80;754,2
1997;5;66;Louisiana Hot Spiced Okra;Condiments;1;17,00;17,00;0,00;408,00;408;408,00;408
1997;5;67;Laughing Lumberjack Lager;Beverages;1;14,00;14,00;0,00;98,00;98;98,00;98
1997;5;68;Scottish Longbreads;Confections;2;12,50;12,50;0,00;687,50;687,5;343,75;343,75
1997;5;69;Gudbrandsdalsost;Dairy Products;2;36,00;36,00;0,00;1008,00;1008;504,00;504
1997;5;70;Outback Lager;Beverages;1;15,00;15,00;0,00;105,00;105;105,00;105
1997;5;71;Flotemysost;Dairy Products;1;21,50;21,50;0,00;193,50;192,6;193,50;192,6
1997;5;72;Mozzarella di Giovanni;Dairy Products;4;34,80;34,80;0,00;1914,00;1914;478,50;478,5
1997;5;73;Röd Kaviar;Seafood;2;15,00;15,00;0,00;495,00;493,8;247,50;246,9
1997;5;75;Rhönbräu Klosterbier;Beverages;1;7,75;7,75;0,00;232,50;232,5;232,50;232,5
1997;5;76;Lakkalikööri;Beverages;1;18,00;18,00;0,00;900,00;900;900,00;900
1997;5;77;Original Frankfurter grüne Soße;Condiments;1;13,00;13,00;0,00;130,00;129,5;130,00;129,5
1997;6;1;Chai;Beverages;1;18,00;18,00;0,00;180,00;180;180,00;180
1997;6;10;Ikura;Seafood;1;31,00;31,00;0,00;155,00;155;155,00;155
1997;6;11;Queso Cabrales;Dairy Products;2;21,00;21,00;0,00;1050,00;1044;525,00;522
1997;6;14;Tofu;Produce;3;23,25;23,25;0,00;1302,00;1293,6;434,00;431,2
1997;6;15;Genen Shouyu;Condiments;1;15,50;15,50;0,00;155,00;155;155,00;155
1997;6;16;Pavlova;Confections;1;17,45;17,45;0,00;209,40;208,2;209,40;208,2
1997;6;17;Alice Mutton;Meat/Poultry;2;39,00;39,00;0,00;1326,00;1325,2;663,00;662,6
1997;6;18;Carnarvon Tigers;Seafood;1;62,50;62,50;0,00;1125,00;1122,3;1125,00;1122,3
1997;6;19;Teatime Chocolate Biscuits;Confections;1;9,20;9,20;0,00;322,00;315;322,00;315
1997;6;24;Guaraná Fantástica;Beverages;2;4,50;4,50;0,00;193,50;187,4;96,75;93,7
1997;6;29;Thüringer Rostbratwurst;Meat/Poultry;1;123,79;123,79;0,00;1237,90;1237,9;1237,90;1237,9
1997;6;30;Nord-Ost Matjeshering;Seafood;1;25,89;25,89;0,00;517,80;517,8;517,80;517,8
1997;6;31;Gorgonzola Telino;Dairy Products;5;12,50;12,50;0,00;2137,50;2115,7;427,50;423,14
1997;6;32;Mascarpone Fabioli;Dairy Products;1;32,00;32,00;0,00;320,00;319;320,00;319
1997;6;33;Geitost;Dairy Products;2;2,50;2,50;0,00;85,00;83;42,50;41,5
1997;6;34;Sasquatch Ale;Beverages;1;14,00;14,00;0,00;560,00;560;560,00;560
1997;6;35;Steeleye Stout;Beverages;1;18,00;18,00;0,00;360,00;360;360,00;360
1997;6;36;Inlagd Sill;Seafood;1;19,00;19,00;0,00;475,00;475;475,00;475
1997;6;39;Chartreuse verte;Beverages;1;18,00;18,00;0,00;180,00;180;180,00;180
1997;6;40;Boston Crab Meat;Seafood;2;18,40;18,40;0,00;956,80;956,8;478,40;478,4
1997;6;41;Jack's New England Clam Chowder;Seafood;2;9,65;9,65;0,00;202,65;201,6;101,33;100,8
1997;6;42;Singaporean Hokkien Fried Mee;Grains/Cereals;1;14,00;14,00;0,00;392,00;387,8;392,00;387,8
1997;6;44;Gula Malacca;Condiments;2;19,45;19,45;0,00;602,95;602,95;301,48;301,48
1997;6;47;Zaanse koeken;Confections;1;9,50;9,50;0,00;237,50;237,5;237,50;237,5
1997;6;51;Manjimup Dried Apples;Produce;4;53,00;53,00;0,00;4929,00;4925;1232,25;1231,25
1997;6;52;Filo Mix;Grains/Cereals;2;7,00;7,00;0,00;700,00;700;350,00;350
1997;6;53;Perth Pasties;Meat/Poultry;2;32,80;32,80;0,00;1410,40;1410,4;705,20;705,2
1997;6;55;Pâté chinois;Meat/Poultry;2;24,00;24,00;0,00;1032,00;1029,85;516,00;514,93
1997;6;56;Gnocchi di nonna Alice;Grains/Cereals;2;38,00;38,00;0,00;3800,00;3789;1900,00;1894,5
1997;6;57;Ravioli Angelo;Grains/Cereals;2;19,50;19,50;0,00;195,00;195;97,50;97,5
1997;6;59;Raclette Courdavault;Dairy Products;2;55,00;55,00;0,00;2860,00;2852;1430,00;1426
1997;6;60;Camembert Pierrot;Dairy Products;1;34,00;34,00;0,00;816,00;812,4;816,00;812,4
1997;6;62;Tarte au sucre;Confections;3;49,30;49,30;0,00;1725,50;1720,75;575,17;573,58
1997;6;63;Vegie-spread;Condiments;1;43,90;43,90;0,00;263,40;263,4;263,40;263,4
1997;6;64;Wimmers gute Semmelknödel;Grains/Cereals;3;33,25;33,25;0,00;1795,50;1793,7;598,50;597,9
1997;6;65;Louisiana Fiery Hot Pepper Sauce;Condiments;1;21,05;21,05;0,00;631,50;630;631,50;630
1997;6;69;Gudbrandsdalsost;Dairy Products;1;36,00;36,00;0,00;360,00;358,5;360,00;358,5
1997;6;72;Mozzarella di Giovanni;Dairy Products;2;34,80;34,80;0,00;1879,20;1879,2;939,60;939,6
1997;6;73;Röd Kaviar;Seafood;1;15,00;15,00;0,00;45,00;45;45,00;45
1997;6;75;Rhönbräu Klosterbier;Beverages;5;7,75;7,75;0,00;976,50;965;195,30;193
1997;6;76;Lakkalikööri;Beverages;4;18,00;18,00;0,00;1152,00;1152;288,00;288
1997;6;77;Original Frankfurter grüne Soße;Condiments;1;13,00;13,00;0,00;234,00;234;234,00;234
1997;7;1;Chai;Beverages;3;18,00;18,00;0,00;522,00;522;174,00;174
1997;7;2;Chang;Beverages;1;19,00;19,00;0,00;190,00;190;190,00;190
1997;7;3;Aniseed Syrup;Condiments;1;10,00;10,00;0,00;140,00;140;140,00;140
1997;7;4;Chef Anton's Cajun Seasoning;Condiments;1;22,00;22,00;0,00;440,00;436;440,00;436
1997;7;7;Uncle Bob's Organic Dried Pears;Produce;2;30,00;30,00;0,00;1650,00;1650;825,00;825
1997;7;10;Ikura;Seafood;2;31,00;31,00;0,00;2480,00;2480;1240,00;1240
1997;7;11;Queso Cabrales;Dairy Products;1;21,00;21,00;0,00;294,00;294;294,00;294
1997;7;13;Konbu;Seafood;2;6,00;6,00;0,00;408,00;407,2;204,00;203,6
1997;7;15;Genen Shouyu;Condiments;1;15,50;15,50;0,00;387,50;386,25;387,50;386,25
1997;7;16;Pavlova;Confections;1;17,45;17,45;0,00;523,50;522;523,50;522
1997;7;17;Alice Mutton;Meat/Poultry;1;39,00;39,00;0,00;3900,00;3900;3900,00;3900
1997;7;18;Carnarvon Tigers;Seafood;1;62,50;62,50;0,00;2500,00;2492;2500,00;2492
1997;7;20;Sir Rodney's Marmalade;Confections;1;81,00;81,00;0,00;1701,00;1696,8;1701,00;1696,8
1997;7;21;Sir Rodney's Scones;Confections;2;10,00;10,00;0,00;140,00;140;70,00;70
1997;7;22;Gustaf's Knäckebröd;Grains/Cereals;1;21,00;21,00;0,00;1008,00;1008;1008,00;1008
1997;7;24;Guaraná Fantástica;Beverages;1;4,50;4,50;0,00;157,50;150,5;157,50;150,5
1997;7;26;Gumbär Gummibärchen;Confections;2;31,23;31,23;0,00;343,53;343,28;171,77;171,64
1997;7;27;Schoggi Schokolade;Confections;1;43,90;43,90;0,00;2195,00;2195;2195,00;2195
1997;7;33;Geitost;Dairy Products;1;2,50;2,50;0,00;35,00;35;35,00;35
1997;7;35;Steeleye Stout;Beverages;3;18,00;18,00;0,00;972,00;964,5;324,00;321,5
1997;7;36;Inlagd Sill;Seafood;2;19,00;19,00;0,00;1444,00;1438,75;722,00;719,38
1997;7;38;Côte de Blaye;Beverages;1;263,50;263,50;0,00;3952,50;3951,75;3952,50;3951,75
1997;7;39;Chartreuse verte;Beverages;1;18,00;18,00;0,00;90,00;90;90,00;90
1997;7;40;Boston Crab Meat;Seafood;1;18,40;18,40;0,00;772,80;772,8;772,80;772,8
1997;7;42;Singaporean Hokkien Fried Mee;Grains/Cereals;1;14,00;14,00;0,00;1400,00;1380;1400,00;1380
1997;7;47;Zaanse koeken;Confections;1;9,50;9,50;0,00;142,50;142,5;142,50;142,5
1997;7;48;Chocolade;Confections;1;12,75;12,75;0,00;76,50;75,9;76,50;75,9
1997;7;49;Maxilaku;Confections;2;20,00;20,00;0,00;860,00;858,75;430,00;429,38
1997;7;52;Filo Mix;Grains/Cereals;2;7,00;7,00;0,00;196,00;195,4;98,00;97,7
1997;7;54;Tourtière;Meat/Poultry;2;7,45;7,45;0,00;402,30;402,3;201,15;201,15
1997;7;55;Pâté chinois;Meat/Poultry;2;24,00;24,00;0,00;600,00;596;300,00;298
1997;7;56;Gnocchi di nonna Alice;Grains/Cereals;3;38,00;38,00;0,00;1786,00;1785;595,33;595
1997;7;57;Ravioli Angelo;Grains/Cereals;1;19,50;19,50;0,00;390,00;390;390,00;390
1997;7;58;Escargots de Bourgogne;Seafood;1;13,25;13,25;0,00;397,50;397,5;397,50;397,5
1997;7;59;Raclette Courdavault;Dairy Products;3;55,00;55,00;0,00;4675,00;4669,5;1558,33;1556,5
1997;7;60;Camembert Pierrot;Dairy Products;3;34,00;34,00;0,00;4250,00;4246,5;1416,67;1415,5
1997;7;61;Sirop d'érable;Condiments;1;28,50;28,50;0,00;3420,00;3390;3420,00;3390
1997;7;62;Tarte au sucre;Confections;2;49,30;49,30;0,00;986,00;984;493,00;492
1997;7;63;Vegie-spread;Condiments;1;43,90;43,90;0,00;1053,60;1048,8;1053,60;1048,8
1997;7;65;Louisiana Fiery Hot Pepper Sauce;Condiments;1;21,05;21,05;0,00;252,60;250,2;252,60;250,2
1997;7;69;Gudbrandsdalsost;Dairy Products;2;36,00;36,00;0,00;3060,00;3039,75;1530,00;1519,88
1997;7;70;Outback Lager;Beverages;1;15,00;15,00;0,00;225,00;224,25;225,00;224,25
1997;7;71;Flotemysost;Dairy Products;3;21,50;21,50;0,00;838,50;837;279,50;279
1997;7;72;Mozzarella di Giovanni;Dairy Products;1;34,80;34,80;0,00;417,60;417,6;417,60;417,6
1997;7;73;Röd Kaviar;Seafood;1;15,00;15,00;0,00;450,00;450;450,00;450
1997;7;75;Rhönbräu Klosterbier;Beverages;2;7,75;7,75;0,00;542,50;536,5;271,25;268,25
1997;7;76;Lakkalikööri;Beverages;3;18,00;18,00;0,00;1692,00;1690,2;564,00;563,4
1997;7;77;Original Frankfurter grüne Soße;Condiments;3;13,00;13,00;0,00;1105,00;1100,75;368,33;366,92
1997;8;1;Chai;Beverages;2;18,00;18,00;0,00;720,00;716,25;360,00;358,13
1997;8;2;Chang;Beverages;3;19,00;19,00;0,00;1900,00;1898,5;633,33;632,83
1997;8;4;Chef Anton's Cajun Seasoning;Condiments;2;22,00;22,00;0,00;770,00;769;385,00;384,5
1997;8;5;Chef Anton's Gumbo Mix;Condiments;1;21,35;21,35;0,00;320,25;318,75;320,25;318,75
1997;8;6;Grandma's Boysenberry Spread;Condiments;1;25,00;25,00;0,00;1750,00;1750;1750,00;1750
1997;8;7;Uncle Bob's Organic Dried Pears;Produce;1;30,00;30,00;0,00;1050,00;1050;1050,00;1050
1997;8;10;Ikura;Seafood;1;31,00;31,00;0,00;558,00;553,5;558,00;553,5
1997;8;11;Queso Cabrales;Dairy Products;1;21,00;21,00;0,00;210,00;210;210,00;210
1997;8;12;Queso Manchego La Pastora;Dairy Products;1;38,00;38,00;0,00;1368,00;1362,6;1368,00;1362,6
1997;8;13;Konbu;Seafood;1;6,00;6,00;0,00;78,00;76,05;78,00;76,05
1997;8;14;Tofu;Produce;2;23,25;23,25;0,00;558,00;558;279,00;279
1997;8;18;Carnarvon Tigers;Seafood;4;62,50;62,50;0,00;5125,00;5124,6;1281,25;1281,15
1997;8;19;Teatime Chocolate Biscuits;Confections;3;9,20;9,20;0,00;460,00;458,5;153,33;152,83
1997;8;21;Sir Rodney's Scones;Confections;3;10,00;10,00;0,00;970,00;961,5;323,33;320,5
1997;8;22;Gustaf's Knäckebröd;Grains/Cereals;3;21,00;21,00;0,00;1995,00;1995;665,00;665
1997;8;23;Tunnbröd;Grains/Cereals;1;9,00;9,00;0,00;90,00;90;90,00;90
1997;8;24;Guaraná Fantástica;Beverages;3;4,50;4,50;0,00;103,50;101,25;34,50;33,75
1997;8;26;Gumbär Gummibärchen;Confections;1;31,23;31,23;0,00;1093,05;1087,8;1093,05;1087,8
1997;8;28;Rössle Sauerkraut;Produce;3;45,60;45,60;0,00;2052,00;2048,25;684,00;682,75
1997;8;29;Thüringer Rostbratwurst;Meat/Poultry;2;123,79;123,79;0,00;3218,54;3218,54;1609,27;1609,27
1997;8;30;Nord-Ost Matjeshering;Seafood;1;25,89;25,89;0,00;776,70;776,7;776,70;776,7
1997;8;33;Geitost;Dairy Products;1;2,50;2,50;0,00;50,00;49;50,00;49
1997;8;35;Steeleye Stout;Beverages;1;18,00;18,00;0,00;540,00;537;540,00;537
1997;8;36;Inlagd Sill;Seafood;1;19,00;19,00;0,00;285,00;285;285,00;285
1997;8;39;Chartreuse verte;Beverages;2;18,00;18,00;0,00;738,00;732,75;369,00;366,38
1997;8;40;Boston Crab Meat;Seafood;1;18,40;18,40;0,00;1104,00;1104;1104,00;1104
1997;8;42;Singaporean Hokkien Fried Mee;Grains/Cereals;1;14,00;14,00;0,00;70,00;70;70,00;70
1997;8;43;Ipoh Coffee;Beverages;1;46,00;46,00;0,00;920,00;920;920,00;920
1997;8;44;Gula Malacca;Condiments;1;19,45;19,45;0,00;194,50;194,5;194,50;194,5
1997;8;45;Rogede sild;Seafood;1;9,50;9,50;0,00;190,00;190;190,00;190
1997;8;46;Spegesild;Seafood;2;12,00;12,00;0,00;276,00;273,4;138,00;136,7
1997;8;50;Valkoinen suklaa;Confections;1;16,25;16,25;0,00;406,25;405;406,25;405
1997;8;51;Manjimup Dried Apples;Produce;1;53,00;53,00;0,00;795,00;795;795,00;795
1997;8;52;Filo Mix;Grains/Cereals;1;7,00;7,00;0,00;35,00;35;35,00;35
1997;8;53;Perth Pasties;Meat/Poultry;2;32,80;32,80;0,00;1213,60;1212,35;606,80;606,17
1997;8;54;Tourtière;Meat/Poultry;1;7,45;7,45;0,00;223,50;223,5;223,50;223,5
1997;8;55;Pâté chinois;Meat/Poultry;1;24,00;24,00;0,00;288,00;287,4;288,00;287,4
1997;8;56;Gnocchi di nonna Alice;Grains/Cereals;2;38,00;38,00;0,00;3040,00;3037;1520,00;1518,5
1997;8;58;Escargots de Bourgogne;Seafood;1;13,25;13,25;0,00;79,50;79,5;79,50;79,5
1997;8;60;Camembert Pierrot;Dairy Products;2;34,00;34,00;0,00;1020,00;1020;510,00;510
1997;8;61;Sirop d'érable;Condiments;1;28,50;28,50;0,00;570,00;566;570,00;566
1997;8;62;Tarte au sucre;Confections;2;49,30;49,30;0,00;4683,50;4671,5;2341,75;2335,75
1997;8;64;Wimmers gute Semmelknödel;Grains/Cereals;1;33,25;33,25;0,00;299,25;299,25;299,25;299,25
1997;8;65;Louisiana Fiery Hot Pepper Sauce;Condiments;1;21,05;21,05;0,00;442,05;442,05;442,05;442,05
1997;8;68;Scottish Longbreads;Confections;2;12,50;12,50;0,00;412,50;408,9;206,25;204,45
1997;8;69;Gudbrandsdalsost;Dairy Products;1;36,00;36,00;0,00;720,00;715;720,00;715
1997;8;70;Outback Lager;Beverages;2;15,00;15,00;0,00;525,00;521,25;262,50;260,63
1997;8;71;Flotemysost;Dairy Products;3;21,50;21,50;0,00;1397,50;1390;465,83;463,33
1997;8;72;Mozzarella di Giovanni;Dairy Products;2;34,80;34,80;0,00;2610,00;2610;1305,00;1305
1997;8;73;Röd Kaviar;Seafood;1;15,00;15,00;0,00;525,00;519,75;525,00;519,75
1997;8;75;Rhönbräu Klosterbier;Beverages;2;7,75;7,75;0,00;77,50;76,7;38,75;38,35
1997;8;76;Lakkalikööri;Beverages;1;18,00;18,00;0,00;630,00;630;630,00;630
1997;8;77;Original Frankfurter grüne Soße;Condiments;1;13,00;13,00;0,00;455,00;446,25;455,00;446,25
1997;9;4;Chef Anton's Cajun Seasoning;Condiments;1;22,00;22,00;0,00;264,00;262,8;264,00;262,8
1997;9;9;Mishi Kobe Niku;Meat/Poultry;1;97,00;97,00;0,00;4850,00;4837,5;4850,00;4837,5
1997;9;10;Ikura;Seafood;3;31,00;31,00;0,00;1426,00;1422,4;475,33;474,13
1997;9;12;Queso Manchego La Pastora;Dairy Products;1;38,00;38,00;0,00;3800,00;3800;3800,00;3800
1997;9;14;Tofu;Produce;2;23,25;23,25;0,00;767,25;766,95;383,63;383,47
1997;9;15;Genen Shouyu;Condiments;1;15,50;15,50;0,00;775,00;775;775,00;775
1997;9;16;Pavlova;Confections;4;17,45;17,45;0,00;1622,85;1607,35;405,71;401,84
1997;9;17;Alice Mutton;Meat/Poultry;1;39,00;39,00;0,00;1170,00;1164;1170,00;1164
1997;9;19;Teatime Chocolate Biscuits;Confections;3;9,20;9,20;0,00;450,80;444,8;150,27;148,27
1997;9;20;Sir Rodney's Marmalade;Confections;1;81,00;81,00;0,00;1701,00;1701;1701,00;1701
1997;9;21;Sir Rodney's Scones;Confections;2;10,00;10,00;0,00;720,00;718,8;360,00;359,4
1997;9;22;Gustaf's Knäckebröd;Grains/Cereals;1;21,00;21,00;0,00;420,00;415;420,00;415
1997;9;23;Tunnbröd;Grains/Cereals;2;9,00;9,00;0,00;333,00;333;166,50;166,5
1997;9;26;Gumbär Gummibärchen;Confections;2;31,23;31,23;0,00;1405,35;1400,85;702,68;700,43
1997;9;29;Thüringer Rostbratwurst;Meat/Poultry;2;123,79;123,79;0,00;5694,34;5694,34;2847,17;2847,17
1997;9;30;Nord-Ost Matjeshering;Seafood;1;25,89;25,89;0,00;51,78;51,28;51,78;51,28
1997;9;31;Gorgonzola Telino;Dairy Products;3;12,50;12,50;0,00;600,00;593,2;200,00;197,73
1997;9;33;Geitost;Dairy Products;3;2,50;2,50;0,00;170,00;168,8;56,67;56,27
1997;9;36;Inlagd Sill;Seafood;2;19,00;19,00;0,00;684,00;682,5;342,00;341,25
1997;9;38;Côte de Blaye;Beverages;1;263,50;263,50;0,00;3952,50;3951;3952,50;3951
1997;9;39;Chartreuse verte;Beverages;2;18,00;18,00;0,00;414,00;411,4;207,00;205,7
1997;9;40;Boston Crab Meat;Seafood;4;18,40;18,40;0,00;2649,60;2643,4;662,40;660,85
1997;9;41;Jack's New England Clam Chowder;Seafood;4;9,65;9,65;0,00;1621,20;1617,2;405,30;404,3
1997;9;42;Singaporean Hokkien Fried Mee;Grains/Cereals;4;14,00;14,00;0,00;1344,00;1332,5;336,00;333,13
1997;9;43;Ipoh Coffee;Beverages;1;46,00;46,00;0,00;276,00;276;276,00;276
1997;9;44;Gula Malacca;Condiments;2;19,45;19,45;0,00;953,05;950,25;476,53;475,13
1997;9;46;Spegesild;Seafood;2;12,00;12,00;0,00;1260,00;1260;630,00;630
1997;9;47;Zaanse koeken;Confections;4;9,50;9,50;0,00;674,50;673,9;168,63;168,47
1997;9;51;Manjimup Dried Apples;Produce;2;53,00;53,00;0,00;2120,00;2119;1060,00;1059,5
1997;9;52;Filo Mix;Grains/Cereals;1;7,00;7,00;0,00;63,00;63;63,00;63
1997;9;53;Perth Pasties;Meat/Poultry;1;32,80;32,80;0,00;328,00;328;328,00;328
1997;9;54;Tourtière;Meat/Poultry;2;7,45;7,45;0,00;268,20;267,6;134,10;133,8
1997;9;55;Pâté chinois;Meat/Poultry;1;24,00;24,00;0,00;96,00;95,6;96,00;95,6
1997;9;56;Gnocchi di nonna Alice;Grains/Cereals;2;38,00;38,00;0,00;2166,00;2164,2;1083,00;1082,1
1997;9;58;Escargots de Bourgogne;Seafood;2;13,25;13,25;0,00;1046,75;1036,95;523,38;518,48
1997;9;59;Raclette Courdavault;Dairy Products;2;55,00;55,00;0,00;715,00;715;357,50;357,5
1997;9;60;Camembert Pierrot;Dairy Products;4;34,00;34,00;0,00;4590,00;4585,25;1147,50;1146,31
1997;9;62;Tarte au sucre;Confections;1;49,30;49,30;0,00;493,00;493;493,00;493
1997;9;64;Wimmers gute Semmelknödel;Grains/Cereals;2;33,25;33,25;0,00;1429,75;1428,25;714,88;714,13
1997;9;65;Louisiana Fiery Hot Pepper Sauce;Condiments;3;21,05;21,05;0,00;778,85;776,6;259,62;258,87
1997;9;66;Louisiana Hot Spiced Okra;Condiments;1;17,00;17,00;0,00;68,00;68;68,00;68
1997;9;67;Laughing Lumberjack Lager;Beverages;1;14,00;14,00;0,00;350,00;350;350,00;350
1997;9;68;Scottish Longbreads;Confections;1;12,50;12,50;0,00;125,00;125;125,00;125
1997;9;69;Gudbrandsdalsost;Dairy Products;1;36,00;36,00;0,00;1620,00;1611;1620,00;1611
1997;9;70;Outback Lager;Beverages;1;15,00;15,00;0,00;600,00;598;600,00;598
1997;9;71;Flotemysost;Dairy Products;2;21,50;21,50;0,00;559,00;556,2;279,50;278,1
1997;9;73;Röd Kaviar;Seafood;1;15,00;15,00;0,00;750,00;750;750,00;750
1997;9;75;Rhönbräu Klosterbier;Beverages;2;7,75;7,75;0,00;426,25;426,25;213,13;213,13
1997;9;76;Lakkalikööri;Beverages;1;18,00;18,00;0,00;180,00;180;180,00;180
1997;9;77;Original Frankfurter grüne Soße;Condiments;1;13,00;13,00;0,00;910,00;906,5;910,00;906,5
1997;10;1;Chai;Beverages;3;18,00;18,00;0,00;1260,00;1250,25;420,00;416,75
1997;10;2;Chang;Beverages;3;19,00;19,00;0,00;722,00;714,5;240,67;238,17
1997;10;3;Aniseed Syrup;Condiments;1;10,00;10,00;0,00;60,00;60;60,00;60
1997;10;4;Chef Anton's Cajun Seasoning;Condiments;1;22,00;22,00;0,00;132,00;132;132,00;132
1997;10;5;Chef Anton's Gumbo Mix;Condiments;1;21,35;21,35;0,00;85,40;85,4;85,40;85,4
1997;10;7;Uncle Bob's Organic Dried Pears;Produce;1;30,00;30,00;0,00;2700,00;2700;2700,00;2700
1997;10;8;Northwoods Cranberry Sauce;Condiments;2;40,00;40,00;0,00;2000,00;2000;1000,00;1000
1997;10;9;Mishi Kobe Niku;Meat/Poultry;1;97,00;97,00;0,00;582,00;582;582,00;582
1997;10;10;Ikura;Seafood;4;31,00;31,00;0,00;2263,00;2261,2;565,75;565,3
1997;10;11;Queso Cabrales;Dairy Products;1;21,00;21,00;0,00;315,00;315;315,00;315
1997;10;12;Queso Manchego La Pastora;Dairy Products;2;38,00;38,00;0,00;1520,00;1520;760,00;760
1997;10;16;Pavlova;Confections;2;17,45;17,45;0,00;698,00;698;349,00;349
1997;10;17;Alice Mutton;Meat/Poultry;3;39,00;39,00;0,00;2145,00;2137,85;715,00;712,62
1997;10;18;Carnarvon Tigers;Seafood;1;62,50;62,50;0,00;750,00;747;750,00;747
1997;10;19;Teatime Chocolate Biscuits;Confections;3;9,20;9,20;0,00;220,80;219,05;73,60;73,02
1997;10;21;Sir Rodney's Scones;Confections;2;10,00;10,00;0,00;370,00;368,4;185,00;184,2
1997;10;24;Guaraná Fantástica;Beverages;2;4,50;4,50;0,00;247,50;247,5;123,75;123,75
1997;10;26;Gumbär Gummibärchen;Confections;2;31,23;31,23;0,00;1405,35;1405,35;702,68;702,67
1997;10;28;Rössle Sauerkraut;Produce;1;45,60;45,60;0,00;2736,00;2730;2736,00;2730
1997;10;29;Thüringer Rostbratwurst;Meat/Poultry;2;123,79;123,79;0,00;6437,08;6436,48;3218,54;3218,24
1997;10;30;Nord-Ost Matjeshering;Seafood;1;25,89;25,89;0,00;77,67;76,92;77,67;76,92
1997;10;31;Gorgonzola Telino;Dairy Products;2;12,50;12,50;0,00;875,00;875;437,50;437,5
1997;10;32;Mascarpone Fabioli;Dairy Products;1;32,00;32,00;0,00;128,00;128;128,00;128
1997;10;34;Sasquatch Ale;Beverages;2;14,00;14,00;0,00;364,00;361,6;182,00;180,8
1997;10;35;Steeleye Stout;Beverages;2;18,00;18,00;0,00;540,00;537,75;270,00;268,88
1997;10;36;Inlagd Sill;Seafood;2;19,00;19,00;0,00;855,00;855;427,50;427,5
1997;10;41;Jack's New England Clam Chowder;Seafood;2;9,65;9,65;0,00;521,10;521,1;260,55;260,55
1997;10;43;Ipoh Coffee;Beverages;2;46,00;46,00;0,00;2944,00;2944;1472,00;1472
1997;10;44;Gula Malacca;Condiments;2;19,45;19,45;0,00;1439,30;1436,8;719,65;718,4
1997;10;45;Rogede sild;Seafood;1;9,50;9,50;0,00;1045,00;1045;1045,00;1045
1997;10;46;Spegesild;Seafood;2;12,00;12,00;0,00;504,00;504;252,00;252
1997;10;47;Zaanse koeken;Confections;3;9,50;9,50;0,00;636,50;624;212,17;208
1997;10;48;Chocolade;Confections;1;12,75;12,75;0,00;306,00;306;306,00;306
1997;10;51;Manjimup Dried Apples;Produce;2;53,00;53,00;0,00;1855,00;1855;927,50;927,5
1997;10;52;Filo Mix;Grains/Cereals;1;7,00;7,00;0,00;28,00;28;28,00;28
1997;10;53;Perth Pasties;Meat/Poultry;2;32,80;32,80;0,00;4034,40;4034,25;2017,20;2017,13
1997;10;54;Tourtière;Meat/Poultry;3;7,45;7,45;0,00;856,75;837,75;285,58;279,25
1997;10;55;Pâté chinois;Meat/Poultry;2;24,00;24,00;0,00;648,00;648;324,00;324
1997;10;56;Gnocchi di nonna Alice;Grains/Cereals;3;38,00;38,00;0,00;2584,00;2574,5;861,33;858,17
1997;10;57;Ravioli Angelo;Grains/Cereals;1;19,50;19,50;0,00;780,00;780;780,00;780
1997;10;58;Escargots de Bourgogne;Seafood;2;13,25;13,25;0,00;556,50;546;278,25;273
1997;10;59;Raclette Courdavault;Dairy Products;4;55,00;55,00;0,00;6050,00;6043,7;1512,50;1510,92
1997;10;60;Camembert Pierrot;Dairy Products;1;34,00;34,00;0,00;340,00;340;340,00;340
1997;10;61;Sirop d'érable;Condiments;2;28,50;28,50;0,00;427,50;427,5;213,75;213,75
1997;10;62;Tarte au sucre;Confections;2;49,30;49,30;0,00;3352,40;3352,4;1676,20;1676,2
1997;10;63;Vegie-spread;Condiments;1;43,90;43,90;0,00;878,00;878;878,00;878
1997;10;65;Louisiana Fiery Hot Pepper Sauce;Condiments;1;21,05;21,05;0,00;1368,25;1365;1368,25;1365
1997;10;68;Scottish Longbreads;Confections;2;12,50;12,50;0,00;1062,50;1054,5;531,25;527,25
1997;10;69;Gudbrandsdalsost;Dairy Products;2;36,00;36,00;0,00;1980,00;1974,25;990,00;987,13
1997;10;70;Outback Lager;Beverages;4;15,00;15,00;0,00;1740,00;1727,9;435,00;431,98
1997;10;71;Flotemysost;Dairy Products;4;21,50;21,50;0,00;2537,00;2522;634,25;630,5
1997;10;73;Röd Kaviar;Seafood;2;15,00;15,00;0,00;750,00;747,75;375,00;373,88
1997;10;75;Rhönbräu Klosterbier;Beverages;1;7,75;7,75;0,00;325,50;325,5;325,50;325,5
1997;10;76;Lakkalikööri;Beverages;2;18,00;18,00;0,00;900,00;894,75;450,00;447,38
1997;10;77;Original Frankfurter grüne Soße;Condiments;1;13,00;13,00;0,00;390,00;382,5;390,00;382,5
1997;11;1;Chai;Beverages;2;18,00;18,00;0,00;1044,00;1044;522,00;522
1997;11;2;Chang;Beverages;1;19,00;19,00;0,00;285,00;282;285,00;282
1997;11;3;Aniseed Syrup;Condiments;1;10,00;10,00;0,00;200,00;200;200,00;200
1997;11;4;Chef Anton's Cajun Seasoning;Condiments;1;22,00;22,00;0,00;550,00;550;550,00;550
1997;11;6;Grandma's Boysenberry Spread;Condiments;1;25,00;25,00;0,00;750,00;750;750,00;750
1997;11;11;Queso Cabrales;Dairy Products;1;21,00;21,00;0,00;105,00;105;105,00;105
1997;11;13;Konbu;Seafood;2;6,00;6,00;0,00;60,00;60;30,00;30
1997;11;14;Tofu;Produce;2;23,25;23,25;0,00;488,25;487,5;244,13;243,75
1997;11;16;Pavlova;Confections;2;17,45;17,45;0,00;314,10;313,35;157,05;156,68
1997;11;17;Alice Mutton;Meat/Poultry;1;39,00;39,00;0,00;780,00;779;780,00;779
1997;11;18;Carnarvon Tigers;Seafood;2;62,50;62,50;0,00;2812,50;2808,3;1406,25;1404,15
1997;11;21;Sir Rodney's Scones;Confections;2;10,00;10,00;0,00;700,00;698;350,00;349
1997;11;23;Tunnbröd;Grains/Cereals;1;9,00;9,00;0,00;396,00;396;396,00;396
1997;11;26;Gumbär Gummibärchen;Confections;2;31,23;31,23;0,00;999,36;998,16;499,68;499,08
1997;11;28;Rössle Sauerkraut;Produce;2;45,60;45,60;0,00;1140,00;1139;570,00;569,5
1997;11;30;Nord-Ost Matjeshering;Seafood;3;25,89;25,89;0,00;1553,40;1553,4;517,80;517,8
1997;11;31;Gorgonzola Telino;Dairy Products;2;12,50;12,50;0,00;137,50;137,35;68,75;68,67
1997;11;32;Mascarpone Fabioli;Dairy Products;1;32,00;32,00;0,00;320,00;320;320,00;320
1997;11;34;Sasquatch Ale;Beverages;1;14,00;14,00;0,00;420,00;420;420,00;420
1997;11;35;Steeleye Stout;Beverages;1;18,00;18,00;0,00;630,00;623;630,00;623
1997;11;36;Inlagd Sill;Seafood;2;19,00;19,00;0,00;494,00;490;247,00;245
1997;11;40;Boston Crab Meat;Seafood;4;18,40;18,40;0,00;1821,60;1811,6;455,40;452,9
1997;11;41;Jack's New England Clam Chowder;Seafood;2;9,65;9,65;0,00;453,55;453,55;226,78;226,77
1997;11;42;Singaporean Hokkien Fried Mee;Grains/Cereals;1;14,00;14,00;0,00;392,00;392;392,00;392
1997;11;44;Gula Malacca;Condiments;1;19,45;19,45;0,00;311,20;311,2;311,20;311,2
1997;11;45;Rogede sild;Seafood;3;9,50;9,50;0,00;798,00;784;266,00;261,33
1997;11;46;Spegesild;Seafood;1;12,00;12,00;0,00;336,00;334,6;336,00;334,6
1997;11;47;Zaanse koeken;Confections;1;9,50;9,50;0,00;285,00;277,5;285,00;277,5
1997;11;50;Valkoinen suklaa;Confections;2;16,25;16,25;0,00;975,00;973;487,50;486,5
1997;11;51;Manjimup Dried Apples;Produce;1;53,00;53,00;0,00;1590,00;1588,5;1590,00;1588,5
1997;11;52;Filo Mix;Grains/Cereals;3;7,00;7,00;0,00;721,00;721;240,33;240,33
1997;11;55;Pâté chinois;Meat/Poultry;1;24,00;24,00;0,00;288,00;288;288,00;288
1997;11;56;Gnocchi di nonna Alice;Grains/Cereals;5;38,00;38,00;0,00;3686,00;3675,2;737,20;735,04
1997;11;57;Ravioli Angelo;Grains/Cereals;1;19,50;19,50;0,00;273,00;269,5;273,00;269,5
1997;11;59;Raclette Courdavault;Dairy Products;5;55,00;55,00;0,00;5115,00;5110,75;1023,00;1022,15
1997;11;60;Camembert Pierrot;Dairy Products;2;34,00;34,00;0,00;2210,00;2210;1105,00;1105
1997;11;61;Sirop d'érable;Condiments;1;28,50;28,50;0,00;570,00;568;570,00;568
1997;11;62;Tarte au sucre;Confections;2;49,30;49,30;0,00;1922,70;1922,7;961,35;961,35
1997;11;63;Vegie-spread;Condiments;1;43,90;43,90;0,00;395,10;395,1;395,10;395,1
1997;11;64;Wimmers gute Semmelknödel;Grains/Cereals;1;33,25;33,25;0,00;798,00;798;798,00;798
1997;11;65;Louisiana Fiery Hot Pepper Sauce;Condiments;2;21,05;21,05;0,00;1052,50;1052;526,25;526
1997;11;68;Scottish Longbreads;Confections;1;12,50;12,50;0,00;75,00;73,8;75,00;73,8
1997;11;69;Gudbrandsdalsost;Dairy Products;5;36,00;36,00;0,00;4248,00;4237,75;849,60;847,55
1997;11;70;Outback Lager;Beverages;1;15,00;15,00;0,00;600,00;600;600,00;600
1997;11;72;Mozzarella di Giovanni;Dairy Products;2;34,80;34,80;0,00;1461,60;1461,6;730,80;730,8
1997;11;73;Röd Kaviar;Seafood;1;15,00;15,00;0,00;225,00;225;225,00;225
1997;11;74;Longlife Tofu;Produce;1;10,00;10,00;0,00;50,00;50;50,00;50
1997;11;75;Rhönbräu Klosterbier;Beverages;1;7,75;7,75;0,00;155,00;155;155,00;155
1997;11;76;Lakkalikööri;Beverages;3;18,00;18,00;0,00;900,00;900;300,00;300
1997;11;77;Original Frankfurter grüne Soße;Condiments;1;13,00;13,00;0,00;26,00;25,8;26,00;25,8
1997;12;2;Chang;Beverages;4;19,00;19,00;0,00;1615,00;1609,25;403,75;402,31
1997;12;3;Aniseed Syrup;Condiments;1;10,00;10,00;0,00;200,00;198;200,00;198
1997;12;7;Uncle Bob's Organic Dried Pears;Produce;2;30,00;30,00;0,00;1140,00;1139,55;570,00;569,78
1997;12;8;Northwoods Cranberry Sauce;Condiments;1;40,00;40,00;0,00;1200,00;1194;1200,00;1194
1997;12;10;Ikura;Seafood;3;31,00;31,00;0,00;1612,00;1612;537,33;537,33
1997;12;11;Queso Cabrales;Dairy Products;3;21,00;21,00;0,00;1785,00;1776,25;595,00;592,08
1997;12;13;Konbu;Seafood;1;6,00;6,00;0,00;120,00;117;120,00;117
1997;12;14;Tofu;Produce;1;23,25;23,25;0,00;348,75;345,75;348,75;345,75
1997;12;16;Pavlova;Confections;2;17,45;17,45;0,00;1483,25;1483,25;741,63;741,63
1997;12;17;Alice Mutton;Meat/Poultry;3;39,00;39,00;0,00;4212,00;4193,25;1404,00;1397,75
1997;12;18;Carnarvon Tigers;Seafood;1;62,50;62,50;0,00;1875,00;1875;1875,00;1875
1997;12;19;Teatime Chocolate Biscuits;Confections;2;9,20;9,20;0,00;680,80;677,1;340,40;338,55
1997;12;21;Sir Rodney's Scones;Confections;1;10,00;10,00;0,00;400,00;400;400,00;400
1997;12;22;Gustaf's Knäckebröd;Grains/Cereals;2;21,00;21,00;0,00;210,00;210;105,00;105
1997;12;24;Guaraná Fantástica;Beverages;2;4,50;4,50;0,00;180,00;177;90,00;88,5
1997;12;25;NuNuCa Nuß-Nougat-Creme;Confections;3;14,00;14,00;0,00;868,00;855,5;289,33;285,17
1997;12;26;Gumbär Gummibärchen;Confections;1;31,23;31,23;0,00;655,83;651,63;655,83;651,63
1997;12;27;Schoggi Schokolade;Confections;1;43,90;43,90;0,00;1756,00;1756;1756,00;1756
1997;12;28;Rössle Sauerkraut;Produce;1;45,60;45,60;0,00;1094,40;1094,4;1094,40;1094,4
1997;12;29;Thüringer Rostbratwurst;Meat/Poultry;4;123,79;123,79;0,00;8912,88;8906,18;2228,22;2226,55
1997;12;30;Nord-Ost Matjeshering;Seafood;2;25,89;25,89;0,00;1035,60;1026,35;517,80;513,17
1997;12;31;Gorgonzola Telino;Dairy Products;6;12,50;12,50;0,00;1862,50;1847,2;310,42;307,87
1997;12;34;Sasquatch Ale;Beverages;1;14,00;14,00;0,00;140,00;140;140,00;140
1997;12;35;Steeleye Stout;Beverages;1;18,00;18,00;0,00;270,00;270;270,00;270
1997;12;36;Inlagd Sill;Seafood;1;19,00;19,00;0,00;570,00;570;570,00;570
1997;12;38;Côte de Blaye;Beverages;2;263,50;263,50;0,00;3952,50;3952,5;1976,25;1976,25
1997;12;39;Chartreuse verte;Beverages;3;18,00;18,00;0,00;2664,00;2650,7;888,00;883,57
1997;12;40;Boston Crab Meat;Seafood;1;18,40;18,40;0,00;18,40;18,4;18,40;18,4
1997;12;41;Jack's New England Clam Chowder;Seafood;4;9,65;9,65;0,00;714,10;711,6;178,53;177,9
1997;12;42;Singaporean Hokkien Fried Mee;Grains/Cereals;3;14,00;14,00;0,00;476,00;471,4;158,67;157,13
1997;12;43;Ipoh Coffee;Beverages;1;46,00;46,00;0,00;1380,00;1372,5;1380,00;1372,5
1997;12;44;Gula Malacca;Condiments;1;19,45;19,45;0,00;194,50;194,5;194,50;194,5
1997;12;45;Rogede sild;Seafood;1;9,50;9,50;0,00;256,50;255,15;256,50;255,15
1997;12;47;Zaanse koeken;Confections;1;9,50;9,50;0,00;285,00;285;285,00;285
1997;12;49;Maxilaku;Confections;1;20,00;20,00;0,00;80,00;79,4;80,00;79,4
1997;12;51;Manjimup Dried Apples;Produce;4;53,00;53,00;0,00;9964,00;9949,5;2491,00;2487,38
1997;12;52;Filo Mix;Grains/Cereals;2;7,00;7,00;0,00;161,00;160,25;80,50;80,13
1997;12;54;Tourtière;Meat/Poultry;4;7,45;7,45;0,00;141,55;139,05;35,39;34,76
1997;12;55;Pâté chinois;Meat/Poultry;1;24,00;24,00;0,00;1440,00;1425;1440,00;1425
1997;12;56;Gnocchi di nonna Alice;Grains/Cereals;3;38,00;38,00;0,00;3800,00;3793;1266,67;1264,33
1997;12;59;Raclette Courdavault;Dairy Products;3;55,00;55,00;0,00;3575,00;3574,25;1191,67;1191,42
1997;12;60;Camembert Pierrot;Dairy Products;1;34,00;34,00;0,00;510,00;510;510,00;510
1997;12;61;Sirop d'érable;Condiments;1;28,50;28,50;0,00;570,00;570;570,00;570
1997;12;62;Tarte au sucre;Confections;4;49,30;49,30;0,00;2070,60;2069,35;517,65;517,34
1997;12;63;Vegie-spread;Condiments;1;43,90;43,90;0,00;1317,00;1317;1317,00;1317
1997;12;64;Wimmers gute Semmelknödel;Grains/Cereals;1;33,25;33,25;0,00;1163,75;1156,75;1163,75;1156,75
1997;12;65;Louisiana Fiery Hot Pepper Sauce;Condiments;2;21,05;21,05;0,00;1726,10;1718,1;863,05;859,05
1997;12;66;Louisiana Hot Spiced Okra;Condiments;1;17,00;17,00;0,00;850,00;850;850,00;850
1997;12;67;Laughing Lumberjack Lager;Beverages;1;14,00;14,00;0,00;42,00;42;42,00;42
1997;12;68;Scottish Longbreads;Confections;3;12,50;12,50;0,00;912,50;912,5;304,17;304,17
1997;12;69;Gudbrandsdalsost;Dairy Products;1;36,00;36,00;0,00;864,00;859,2;864,00;859,2
1997;12;70;Outback Lager;Beverages;1;15,00;15,00;0,00;525,00;525;525,00;525
1997;12;71;Flotemysost;Dairy Products;2;21,50;21,50;0,00;602,00;602;301,00;301
1997;12;72;Mozzarella di Giovanni;Dairy Products;2;34,80;34,80;0,00;1392,00;1387,5;696,00;693,75
1997;12;74;Longlife Tofu;Produce;2;10,00;10,00;0,00;500,00;496,25;250,00;248,13
1997;12;75;Rhönbräu Klosterbier;Beverages;5;7,75;7,75;0,00;906,75;894,95;181,35;178,99
1997;12;77;Original Frankfurter grüne Soße;Condiments;1;13,00;13,00;0,00;195,00;195;195,00;195
1998;1;1;Chai;Beverages;2;18,00;18,00;0,00;1512,00;1495;756,00;747,5
1998;1;2;Chang;Beverages;5;19,00;19,00;0,00;1178,00;1175,35;235,60;235,07
1998;1;3;Aniseed Syrup;Condiments;2;10,00;10,00;0,00;790,00;790;395,00;395
1998;1;4;Chef Anton's Cajun Seasoning;Condiments;1;22,00;22,00;0,00;462,00;462;462,00;462
1998;1;5;Chef Anton's Gumbo Mix;Condiments;1;21,35;21,35;0,00;640,50;640,5;640,50;640,5
1998;1;6;Grandma's Boysenberry Spread;Condiments;1;25,00;25,00;0,00;150,00;150;150,00;150
1998;1;7;Uncle Bob's Organic Dried Pears;Produce;2;30,00;30,00;0,00;750,00;748;375,00;374
1998;1;8;Northwoods Cranberry Sauce;Condiments;1;40,00;40,00;0,00;800,00;800;800,00;800
1998;1;9;Mishi Kobe Niku;Meat/Poultry;1;97,00;97,00;0,00;291,00;291;291,00;291
1998;1;10;Ikura;Seafood;3;31,00;31,00;0,00;4061,00;4046;1353,67;1348,67
1998;1;11;Queso Cabrales;Dairy Products;3;21,00;21,00;0,00;1260,00;1258;420,00;419,33
1998;1;13;Konbu;Seafood;5;6,00;6,00;0,00;546,00;535,65;109,20;107,13
1998;1;16;Pavlova;Confections;1;17,45;17,45;0,00;872,50;872,5;872,50;872,5
1998;1;17;Alice Mutton;Meat/Poultry;2;39,00;39,00;0,00;1872,00;1872;936,00;936
1998;1;18;Carnarvon Tigers;Seafood;3;62,50;62,50;0,00;3437,50;3431,25;1145,83;1143,75
1998;1;19;Teatime Chocolate Biscuits;Confections;3;9,20;9,20;0,00;266,80;264,4;88,93;88,13
1998;1;20;Sir Rodney's Marmalade;Confections;1;81,00;81,00;0,00;405,00;405;405,00;405
1998;1;21;Sir Rodney's Scones;Confections;1;10,00;10,00;0,00;400,00;400;400,00;400
1998;1;22;Gustaf's Knäckebröd;Grains/Cereals;2;21,00;21,00;0,00;1827,00;1827;913,50;913,5
1998;1;23;Tunnbröd;Grains/Cereals;2;9,00;9,00;0,00;792,00;785;396,00;392,5
1998;1;24;Guaraná Fantástica;Beverages;1;4,50;4,50;0,00;180,00;170;180,00;170
1998;1;25;NuNuCa Nuß-Nougat-Creme;Confections;5;14,00;14,00;0,00;714,00;707,3;142,80;141,46
1998;1;26;Gumbär Gummibärchen;Confections;4;31,23;31,23;0,00;3279,15;3261,7;819,79;815,42
1998;1;27;Schoggi Schokolade;Confections;1;43,90;43,90;0,00;439,00;439;439,00;439
1998;1;29;Thüringer Rostbratwurst;Meat/Poultry;2;123,79;123,79;0,00;2228,22;2225,32;1114,11;1112,66
1998;1;30;Nord-Ost Matjeshering;Seafood;1;25,89;25,89;0,00;517,80;516,8;517,80;516,8
1998;1;31;Gorgonzola Telino;Dairy Products;4;12,50;12,50;0,00;925,00;922,5;231,25;230,62
1998;1;32;Mascarpone Fabioli;Dairy Products;1;32,00;32,00;0,00;640,00;640;640,00;640
1998;1;33;Geitost;Dairy Products;3;2,50;2,50;0,00;137,50;136,9;45,83;45,63
1998;1;35;Steeleye Stout;Beverages;4;18,00;18,00;0,00;1062,00;1059,5;265,50;264,88
1998;1;36;Inlagd Sill;Seafood;1;19,00;19,00;0,00;950,00;937,5;950,00;937,5
1998;1;37;Gravad lax;Seafood;1;26,00;26,00;0,00;1560,00;1548;1560,00;1548
1998;1;38;Côte de Blaye;Beverages;4;263,50;263,50;0,00;18445,00;18443,5;4611,25;4610,88
1998;1;39;Chartreuse verte;Beverages;3;18,00;18,00;0,00;1062,00;1060;354,00;353,33
1998;1;40;Boston Crab Meat;Seafood;3;18,40;18,40;0,00;2116,00;2107;705,33;702,33
1998;1;41;Jack's New England Clam Chowder;Seafood;3;9,65;9,65;0,00;501,80;501,8;167,27;167,27
1998;1;42;Singaporean Hokkien Fried Mee;Grains/Cereals;2;14,00;14,00;0,00;868,00;863,8;434,00;431,9
1998;1;43;Ipoh Coffee;Beverages;4;46,00;46,00;0,00;1886,00;1883;471,50;470,75
1998;1;44;Gula Malacca;Condiments;1;19,45;19,45;0,00;311,20;308;311,20;308
1998;1;45;Rogede sild;Seafood;1;9,50;9,50;0,00;342,00;334,8;342,00;334,8
1998;1;46;Spegesild;Seafood;1;12,00;12,00;0,00;420,00;420;420,00;420
1998;1;47;Zaanse koeken;Confections;1;9,50;9,50;0,00;380,00;370;380,00;370
1998;1;48;Chocolade;Confections;1;12,75;12,75;0,00;102,00;100,8;102,00;100,8
1998;1;51;Manjimup Dried Apples;Produce;3;53,00;53,00;0,00;689,00;688;229,67;229,33
1998;1;52;Filo Mix;Grains/Cereals;2;7,00;7,00;0,00;196,00;196;98,00;98
1998;1;53;Perth Pasties;Meat/Poultry;2;32,80;32,80;0,00;951,20;950,3;475,60;475,15
1998;1;54;Tourtière;Meat/Poultry;1;7,45;7,45;0,00;260,75;252;260,75;252
1998;1;56;Gnocchi di nonna Alice;Grains/Cereals;4;38,00;38,00;0,00;3952,00;3949;988,00;987,25
1998;1;57;Ravioli Angelo;Grains/Cereals;4;19,50;19,50;0,00;1248,00;1247,5;312,00;311,88
1998;1;58;Escargots de Bourgogne;Seafood;2;13,25;13,25;0,00;1192,50;1183,5;596,25;591,75
1998;1;59;Raclette Courdavault;Dairy Products;4;55,00;55,00;0,00;8085,00;8078,9;2021,25;2019,73
1998;1;60;Camembert Pierrot;Dairy Products;4;34,00;34,00;0,00;5304,00;5295;1326,00;1323,75
1998;1;61;Sirop d'érable;Condiments;1;28,50;28,50;0,00;855,00;850,5;855,00;850,5
1998;1;62;Tarte au sucre;Confections;5;49,30;49,30;0,00;4979,30;4974,55;995,86;994,91
1998;1;64;Wimmers gute Semmelknödel;Grains/Cereals;4;33,25;33,25;0,00;3690,75;3683,25;922,69;920,81
1998;1;65;Louisiana Fiery Hot Pepper Sauce;Condiments;1;21,05;21,05;0,00;315,75;313,5;315,75;313,5
1998;1;68;Scottish Longbreads;Confections;2;12,50;12,50;0,00;550,00;550;275,00;275
1998;1;70;Outback Lager;Beverages;7;15,00;15,00;0,00;1440,00;1435,5;205,71;205,07
1998;1;71;Flotemysost;Dairy Products;1;21,50;21,50;0,00;1182,50;1171,5;1182,50;1171,5
1998;1;72;Mozzarella di Giovanni;Dairy Products;2;34,80;34,80;0,00;1914,00;1908,5;957,00;954,25
1998;1;74;Longlife Tofu;Produce;1;10,00;10,00;0,00;200,00;200;200,00;200
1998;1;75;Rhönbräu Klosterbier;Beverages;1;7,75;7,75;0,00;155,00;155;155,00;155
1998;1;76;Lakkalikööri;Beverages;3;18,00;18,00;0,00;1638,00;1625,25;546,00;541,75
1998;1;77;Original Frankfurter grüne Soße;Condiments;4;13,00;13,00;0,00;676,00;674,1;169,00;168,53
1998;2;1;Chai;Beverages;4;18,00;18,00;0,00;1620,00;1616;405,00;404
1998;2;2;Chang;Beverages;3;19,00;19,00;0,00;1159,00;1153,75;386,33;384,58
1998;2;4;Chef Anton's Cajun Seasoning;Condiments;1;22,00;22,00;0,00;660,00;652,5;660,00;652,5
1998;2;6;Grandma's Boysenberry Spread;Condiments;1;25,00;25,00;0,00;1250,00;1247,5;1250,00;1247,5
1998;2;7;Uncle Bob's Organic Dried Pears;Produce;2;30,00;30,00;0,00;960,00;959;480,00;479,5
1998;2;8;Northwoods Cranberry Sauce;Condiments;1;40,00;40,00;0,00;1200,00;1200;1200,00;1200
1998;2;10;Ikura;Seafood;2;31,00;31,00;0,00;2480,00;2480;1240,00;1240
1998;2;11;Queso Cabrales;Dairy Products;3;21,00;21,00;0,00;1890,00;1880;630,00;626,67
1998;2;13;Konbu;Seafood;3;6,00;6,00;0,00;438,00;436,6;146,00;145,53
1998;2;16;Pavlova;Confections;4;17,45;17,45;0,00;1099,35;1091,25;274,84;272,81
1998;2;17;Alice Mutton;Meat/Poultry;4;39,00;39,00;0,00;2067,00;2066,2;516,75;516,55
1998;2;18;Carnarvon Tigers;Seafood;1;62,50;62,50;0,00;1562,50;1562,5;1562,50;1562,5
1998;2;19;Teatime Chocolate Biscuits;Confections;2;9,20;9,20;0,00;340,40;340,4;170,20;170,2
1998;2;20;Sir Rodney's Marmalade;Confections;1;81,00;81,00;0,00;1620,00;1619;1620,00;1619
1998;2;21;Sir Rodney's Scones;Confections;2;10,00;10,00;0,00;600,00;598;300,00;299
1998;2;23;Tunnbröd;Grains/Cereals;2;9,00;9,00;0,00;720,00;714;360,00;357
1998;2;24;Guaraná Fantástica;Beverages;5;4,50;4,50;0,00;657,00;655,5;131,40;131,1
1998;2;25;NuNuCa Nuß-Nougat-Creme;Confections;1;14,00;14,00;0,00;70,00;70;70,00;70
1998;2;26;Gumbär Gummibärchen;Confections;1;31,23;31,23;0,00;624,60;624,6;624,60;624,6
1998;2;28;Rössle Sauerkraut;Produce;1;45,60;45,60;0,00;136,80;136,8;136,80;136,8
1998;2;29;Thüringer Rostbratwurst;Meat/Poultry;3;123,79;123,79;0,00;20301,56;20286,56;6767,19;6762,19
1998;2;30;Nord-Ost Matjeshering;Seafood;4;25,89;25,89;0,00;3262,14;3251,39;815,54;812,85
1998;2;31;Gorgonzola Telino;Dairy Products;1;12,50;12,50;0,00;437,50;437,5;437,50;437,5
1998;2;32;Mascarpone Fabioli;Dairy Products;1;32,00;32,00;0,00;192,00;192;192,00;192
1998;2;33;Geitost;Dairy Products;2;2,50;2,50;0,00;175,00;165;87,50;82,5
1998;2;34;Sasquatch Ale;Beverages;1;14,00;14,00;0,00;140,00;140;140,00;140
1998;2;35;Steeleye Stout;Beverages;3;18,00;18,00;0,00;666,00;666;222,00;222
1998;2;36;Inlagd Sill;Seafood;1;19,00;19,00;0,00;380,00;380;380,00;380
1998;2;38;Côte de Blaye;Beverages;2;263,50;263,50;0,00;26350,00;26347;13175,00;13173,5
1998;2;39;Chartreuse verte;Beverages;3;18,00;18,00;0,00;2394,00;2388,8;798,00;796,27
1998;2;40;Boston Crab Meat;Seafood;2;18,40;18,40;0,00;1895,20;1895,2;947,60;947,6
1998;2;41;Jack's New England Clam Chowder;Seafood;3;9,65;9,65;0,00;472,85;472,85;157,62;157,62
1998;2;42;Singaporean Hokkien Fried Mee;Grains/Cereals;1;14,00;14,00;0,00;350,00;350;350,00;350
1998;2;45;Rogede sild;Seafood;1;9,50;9,50;0,00;142,50;142,5;142,50;142,5
1998;2;46;Spegesild;Seafood;1;12,00;12,00;0,00;252,00;252;252,00;252
1998;2;47;Zaanse koeken;Confections;1;9,50;9,50;0,00;199,50;197,4;199,50;197,4
1998;2;49;Maxilaku;Confections;4;20,00;20,00;0,00;1740,00;1732,8;435,00;433,2
1998;2;51;Manjimup Dried Apples;Produce;1;53,00;53,00;0,00;106,00;106;106,00;106
1998;2;52;Filo Mix;Grains/Cereals;1;7,00;7,00;0,00;98,00;97,3;98,00;97,3
1998;2;53;Perth Pasties;Meat/Poultry;1;32,80;32,80;0,00;98,40;98,4;98,40;98,4
1998;2;54;Tourtière;Meat/Poultry;2;7,45;7,45;0,00;312,90;308,1;156,45;154,05
1998;2;55;Pâté chinois;Meat/Poultry;2;24,00;24,00;0,00;960,00;955;480,00;477,5
1998;2;56;Gnocchi di nonna Alice;Grains/Cereals;2;38,00;38,00;0,00;1406,00;1404,95;703,00;702,48
1998;2;57;Ravioli Angelo;Grains/Cereals;1;19,50;19,50;0,00;390,00;390;390,00;390
1998;2;58;Escargots de Bourgogne;Seafood;3;13,25;13,25;0,00;556,50;554,7;185,50;184,9
1998;2;59;Raclette Courdavault;Dairy Products;1;55,00;55,00;0,00;2200,00;2198;2200,00;2198
1998;2;60;Camembert Pierrot;Dairy Products;1;34,00;34,00;0,00;3400,00;3400;3400,00;3400
1998;2;61;Sirop d'érable;Condiments;3;28,50;28,50;0,00;1425,00;1419;475,00;473
1998;2;62;Tarte au sucre;Confections;3;49,30;49,30;0,00;3007,30;3005,4;1002,43;1001,8
1998;2;64;Wimmers gute Semmelknödel;Grains/Cereals;2;33,25;33,25;0,00;1163,75;1163;581,88;581,5
1998;2;65;Louisiana Fiery Hot Pepper Sauce;Condiments;4;21,05;21,05;0,00;1347,20;1345,55;336,80;336,39
1998;2;67;Laughing Lumberjack Lager;Beverages;2;14,00;14,00;0,00;420,00;420;210,00;210
1998;2;68;Scottish Longbreads;Confections;3;12,50;12,50;0,00;725,00;725;241,67;241,67
1998;2;69;Gudbrandsdalsost;Dairy Products;1;36,00;36,00;0,00;1800,00;1797,5;1800,00;1797,5
1998;2;70;Outback Lager;Beverages;3;15,00;15,00;0,00;1245,00;1234,25;415,00;411,42
1998;2;71;Flotemysost;Dairy Products;2;21,50;21,50;0,00;1182,50;1182,5;591,25;591,25
1998;2;73;Röd Kaviar;Seafood;1;15,00;15,00;0,00;150,00;150;150,00;150
1998;2;75;Rhönbräu Klosterbier;Beverages;2;7,75;7,75;0,00;1038,50;1032,5;519,25;516,25
1998;2;76;Lakkalikööri;Beverages;1;18,00;18,00;0,00;180,00;180;180,00;180
1998;2;77;Original Frankfurter grüne Soße;Condiments;2;13,00;13,00;0,00;845,00;845;422,50;422,5
1998;3;1;Chai;Beverages;2;18,00;18,00;0,00;1458,00;1443;729,00;721,5
1998;3;2;Chang;Beverages;1;19,00;19,00;0,00;190,00;188,5;190,00;188,5
1998;3;4;Chef Anton's Cajun Seasoning;Condiments;1;22,00;22,00;0,00;110,00;110;110,00;110
1998;3;5;Chef Anton's Gumbo Mix;Condiments;1;21,35;21,35;0,00;427,00;427;427,00;427
1998;3;6;Grandma's Boysenberry Spread;Condiments;4;25,00;25,00;0,00;2200,00;2199,2;550,00;549,8
1998;3;7;Uncle Bob's Organic Dried Pears;Produce;7;30,00;30,00;0,00;6510,00;6510;930,00;930
1998;3;8;Northwoods Cranberry Sauce;Condiments;2;40,00;40,00;0,00;1440,00;1437;720,00;718,5
1998;3;10;Ikura;Seafood;3;31,00;31,00;0,00;2325,00;2323;775,00;774,33
1998;3;11;Queso Cabrales;Dairy Products;4;21,00;21,00;0,00;1092,00;1090,75;273,00;272,69
1998;3;12;Queso Manchego La Pastora;Dairy Products;2;38,00;38,00;0,00;1900,00;1900;950,00;950
1998;3;13;Konbu;Seafood;8;6,00;6,00;0,00;1728,00;1704,1;216,00;213,01
1998;3;16;Pavlova;Confections;5;17,45;17,45;0,00;3018,85;3008,05;603,77;601,61
1998;3;17;Alice Mutton;Meat/Poultry;3;39,00;39,00;0,00;1053,00;1053;351,00;351
1998;3;18;Carnarvon Tigers;Seafood;3;62,50;62,50;0,00;1125,00;1123,2;375,00;374,4
1998;3;19;Teatime Chocolate Biscuits;Confections;2;9,20;9,20;0,00;174,80;174,8;87,40;87,4
1998;3;20;Sir Rodney's Marmalade;Confections;3;81,00;81,00;0,00;5670,00;5667,5;1890,00;1889,17
1998;3;21;Sir Rodney's Scones;Confections;4;10,00;10,00;0,00;1480,00;1474;370,00;368,5
1998;3;22;Gustaf's Knäckebröd;Grains/Cereals;1;21,00;21,00;0,00;441,00;441;441,00;441
1998;3;23;Tunnbröd;Grains/Cereals;1;9,00;9,00;0,00;72,00;70;72,00;70
1998;3;24;Guaraná Fantástica;Beverages;6;4,50;4,50;0,00;900,00;897,5;150,00;149,58
1998;3;25;NuNuCa Nuß-Nougat-Creme;Confections;1;14,00;14,00;0,00;336,00;336;336,00;336
1998;3;26;Gumbär Gummibärchen;Confections;1;31,23;31,23;0,00;156,15;156,15;156,15;156,15
1998;3;27;Schoggi Schokolade;Confections;2;43,90;43,90;0,00;2414,50;2414,5;1207,25;1207,25
1998;3;28;Rössle Sauerkraut;Produce;4;45,60;45,60;0,00;2736,00;2733;684,00;683,25
1998;3;29;Thüringer Rostbratwurst;Meat/Poultry;1;123,79;123,79;0,00;1733,06;1733,06;1733,06;1733,06
1998;3;30;Nord-Ost Matjeshering;Seafood;2;25,89;25,89;0,00;802,59;802,59;401,30;401,29
1998;3;31;Gorgonzola Telino;Dairy Products;5;12,50;12,50;0,00;1912,50;1895,25;382,50;379,05
1998;3;32;Mascarpone Fabioli;Dairy Products;1;32,00;32,00;0,00;1120,00;1116,5;1120,00;1116,5
1998;3;33;Geitost;Dairy Products;2;2,50;2,50;0,00;55,00;54,25;27,50;27,13
1998;3;34;Sasquatch Ale;Beverages;1;14,00;14,00;0,00;280,00;280;280,00;280
1998;3;35;Steeleye Stout;Beverages;2;18,00;18,00;0,00;900,00;900;450,00;450
1998;3;36;Inlagd Sill;Seafood;3;19,00;19,00;0,00;1805,00;1795,25;601,67;598,42
1998;3;37;Gravad lax;Seafood;1;26,00;26,00;0,00;208,00;208;208,00;208
1998;3;38;Côte de Blaye;Beverages;2;263,50;263,50;0,00;17127,50;17127,5;8563,75;8563,75
1998;3;39;Chartreuse verte;Beverages;1;18,00;18,00;0,00;540,00;540;540,00;540
1998;3;40;Boston Crab Meat;Seafood;2;18,40;18,40;0,00;552,00;552;276,00;276
1998;3;41;Jack's New England Clam Chowder;Seafood;4;9,65;9,65;0,00;386,00;385,7;96,50;96,42
1998;3;42;Singaporean Hokkien Fried Mee;Grains/Cereals;1;14,00;14,00;0,00;140,00;138;140,00;138
1998;3;43;Ipoh Coffee;Beverages;4;46,00;46,00;0,00;2254,00;2246;563,50;561,5
1998;3;44;Gula Malacca;Condiments;2;19,45;19,45;0,00;466,80;461,4;233,40;230,7
1998;3;45;Rogede sild;Seafood;1;9,50;9,50;0,00;285,00;285;285,00;285
1998;3;46;Spegesild;Seafood;2;12,00;12,00;0,00;288,00;288;144,00;144
1998;3;47;Zaanse koeken;Confections;3;9,50;9,50;0,00;465,50;465,5;155,17;155,17
1998;3;49;Maxilaku;Confections;2;20,00;20,00;0,00;1360,00;1360;680,00;680
1998;3;50;Valkoinen suklaa;Confections;2;16,25;16,25;0,00;536,25;536,25;268,13;268,13
1998;3;51;Manjimup Dried Apples;Produce;4;53,00;53,00;0,00;3922,00;3922;980,50;980,5
1998;3;52;Filo Mix;Grains/Cereals;4;7,00;7,00;0,00;441,00;430,9;110,25;107,72
1998;3;53;Perth Pasties;Meat/Poultry;2;32,80;32,80;0,00;721,60;721,6;360,80;360,8
1998;3;55;Pâté chinois;Meat/Poultry;2;24,00;24,00;0,00;696,00;691;348,00;345,5
1998;3;56;Gnocchi di nonna Alice;Grains/Cereals;2;38,00;38,00;0,00;1140,00;1138,2;570,00;569,1
1998;3;57;Ravioli Angelo;Grains/Cereals;2;19,50;19,50;0,00;877,50;877,5;438,75;438,75
1998;3;58;Escargots de Bourgogne;Seafood;1;13,25;13,25;0,00;397,50;391,5;397,50;391,5
1998;3;59;Raclette Courdavault;Dairy Products;1;55,00;55,00;0,00;220,00;220;220,00;220
1998;3;60;Camembert Pierrot;Dairy Products;5;34,00;34,00;0,00;3740,00;3717,6;748,00;743,52
1998;3;61;Sirop d'érable;Condiments;1;28,50;28,50;0,00;855,00;855;855,00;855
1998;3;62;Tarte au sucre;Confections;5;49,30;49,30;0,00;7690,80;7676,1;1538,16;1535,22
1998;3;63;Vegie-spread;Condiments;4;43,90;43,90;0,00;4609,50;4609,5;1152,38;1152,38
1998;3;64;Wimmers gute Semmelknödel;Grains/Cereals;2;33,25;33,25;0,00;399,00;399;199,50;199,5
1998;3;67;Laughing Lumberjack Lager;Beverages;2;14,00;14,00;0,00;896,00;885,2;448,00;442,6
1998;3;68;Scottish Longbreads;Confections;1;12,50;12,50;0,00;1000,00;980;1000,00;980
1998;3;69;Gudbrandsdalsost;Dairy Products;2;36,00;36,00;0,00;684,00;684;342,00;342
1998;3;71;Flotemysost;Dairy Products;1;21,50;21,50;0,00;752,50;743,75;752,50;743,75
1998;3;72;Mozzarella di Giovanni;Dairy Products;5;34,80;34,80;0,00;3514,80;3514,8;702,96;702,96
1998;3;75;Rhönbräu Klosterbier;Beverages;9;7,75;7,75;0,00;1681,75;1663,85;186,86;184,87
1998;3;76;Lakkalikööri;Beverages;5;18,00;18,00;0,00;2502,00;2502;500,40;500,4
1998;3;77;Original Frankfurter grüne Soße;Condiments;3;13,00;13,00;0,00;910,00;910;303,33;303,33
1998;4;1;Chai;Beverages;7;18,00;18,00;0,00;1872,00;1864,75;267,43;266,39
1998;4;2;Chang;Beverages;5;19,00;19,00;0,00;3819,00;3773,25;763,80;754,65
1998;4;3;Aniseed Syrup;Condiments;1;10,00;10,00;0,00;250,00;250;250,00;250
1998;4;4;Chef Anton's Cajun Seasoning;Condiments;1;22,00;22,00;0,00;550,00;543,75;550,00;543,75
1998;4;5;Chef Anton's Gumbo Mix;Condiments;2;21,35;21,35;0,00;2135,00;2127,5;1067,50;1063,75
1998;4;7;Uncle Bob's Organic Dried Pears;Produce;4;30,00;30,00;0,00;3720,00;3720;930,00;930
1998;4;8;Northwoods Cranberry Sauce;Condiments;1;40,00;40,00;0,00;1200,00;1200;1200,00;1200
1998;4;10;Ikura;Seafood;1;31,00;31,00;0,00;744,00;740,4;744,00;740,4
1998;4;11;Queso Cabrales;Dairy Products;1;21,00;21,00;0,00;210,00;210;210,00;210
1998;4;12;Queso Manchego La Pastora;Dairy Products;3;38,00;38,00;0,00;1672,00;1670,2;557,33;556,73
1998;4;13;Konbu;Seafood;5;6,00;6,00;0,00;1158,00;1156;231,60;231,2
1998;4;17;Alice Mutton;Meat/Poultry;1;39,00;39,00;0,00;468,00;468;468,00;468
1998;4;18;Carnarvon Tigers;Seafood;3;62,50;62,50;0,00;3312,50;3305,5;1104,17;1101,83
1998;4;19;Teatime Chocolate Biscuits;Confections;2;9,20;9,20;0,00;782,00;779,5;391,00;389,75
1998;4;20;Sir Rodney's Marmalade;Confections;1;81,00;81,00;0,00;1215,00;1215;1215,00;1215
1998;4;21;Sir Rodney's Scones;Confections;4;10,00;10,00;0,00;1030,00;1028,5;257,50;257,13
1998;4;22;Gustaf's Knäckebröd;Grains/Cereals;1;21,00;21,00;0,00;525,00;525;525,00;525
1998;4;23;Tunnbröd;Grains/Cereals;1;9,00;9,00;0,00;90,00;90;90,00;90
1998;4;24;Guaraná Fantástica;Beverages;8;4,50;4,50;0,00;630,00;613;78,75;76,63
1998;4;25;NuNuCa Nuß-Nougat-Creme;Confections;1;14,00;14,00;0,00;210,00;210;210,00;210
1998;4;26;Gumbär Gummibärchen;Confections;3;31,23;31,23;0,00;2529,63;2529,63;843,21;843,21
1998;4;28;Rössle Sauerkraut;Produce;2;45,60;45,60;0,00;4104,00;4100,5;2052,00;2050,25
1998;4;29;Thüringer Rostbratwurst;Meat/Poultry;4;123,79;123,79;0,00;15102,38;15074,38;3775,60;3768,59
1998;4;30;Nord-Ost Matjeshering;Seafood;1;25,89;25,89;0,00;388,35;388,35;388,35;388,35
1998;4;31;Gorgonzola Telino;Dairy Products;1;12,50;12,50;0,00;187,50;187,5;187,50;187,5
1998;4;32;Mascarpone Fabioli;Dairy Products;3;32,00;32,00;0,00;2720,00;2719,25;906,67;906,42
1998;4;33;Geitost;Dairy Products;3;2,50;2,50;0,00;137,50;137,5;45,83;45,83
1998;4;34;Sasquatch Ale;Beverages;3;14,00;14,00;0,00;2520,00;2506,5;840,00;835,5
1998;4;35;Steeleye Stout;Beverages;4;18,00;18,00;0,00;2106,00;2102,85;526,50;525,71
1998;4;36;Inlagd Sill;Seafood;3;19,00;19,00;0,00;1311,00;1306,5;437,00;435,5
1998;4;38;Côte de Blaye;Beverages;1;263,50;263,50;0,00;6587,50;6587,5;6587,50;6587,5
1998;4;40;Boston Crab Meat;Seafood;3;18,40;18,40;0,00;1012,00;1007;337,33;335,67
1998;4;41;Jack's New England Clam Chowder;Seafood;4;9,65;9,65;0,00;1090,45;1074,9;272,61;268,72
1998;4;42;Singaporean Hokkien Fried Mee;Grains/Cereals;5;14,00;14,00;0,00;1568,00;1564,4;313,60;312,88
1998;4;43;Ipoh Coffee;Beverages;2;46,00;46,00;0,00;2760,00;2754;1380,00;1377
1998;4;44;Gula Malacca;Condiments;2;19,45;19,45;0,00;525,15;525,15;262,58;262,58
1998;4;45;Rogede sild;Seafood;1;9,50;9,50;0,00;190,00;190;190,00;190
1998;4;46;Spegesild;Seafood;3;12,00;12,00;0,00;576,00;571;192,00;190,33
1998;4;49;Maxilaku;Confections;2;20,00;20,00;0,00;1240,00;1240;620,00;620
1998;4;51;Manjimup Dried Apples;Produce;6;53,00;53,00;0,00;7049,00;7037,25;1174,83;1172,88
1998;4;52;Filo Mix;Grains/Cereals;3;7,00;7,00;0,00;224,00;219;74,67;73
1998;4;53;Perth Pasties;Meat/Poultry;2;32,80;32,80;0,00;2624,00;2615;1312,00;1307,5
1998;4;54;Tourtière;Meat/Poultry;1;7,45;7,45;0,00;74,50;74,5;74,50;74,5
1998;4;55;Pâté chinois;Meat/Poultry;5;24,00;24,00;0,00;4344,00;4334,25;868,80;866,85
1998;4;56;Gnocchi di nonna Alice;Grains/Cereals;2;38,00;38,00;0,00;950,00;950;475,00;475
1998;4;57;Ravioli Angelo;Grains/Cereals;2;19,50;19,50;0,00;936,00;936;468,00;468
1998;4;58;Escargots de Bourgogne;Seafood;1;13,25;13,25;0,00;530,00;528;530,00;528
1998;4;59;Raclette Courdavault;Dairy Products;7;55,00;55,00;0,00;17710,00;17684,1;2530,00;2526,3
1998;4;60;Camembert Pierrot;Dairy Products;8;34,00;34,00;0,00;5916,00;5914,2;739,50;739,28
1998;4;61;Sirop d'érable;Condiments;6;28,50;28,50;0,00;2764,50;2752,6;460,75;458,77
1998;4;62;Tarte au sucre;Confections;2;49,30;49,30;0,00;1626,90;1621,65;813,45;810,82
1998;4;63;Vegie-spread;Condiments;2;43,90;43,90;0,00;1843,80;1843,8;921,90;921,9
1998;4;64;Wimmers gute Semmelknödel;Grains/Cereals;2;33,25;33,25;0,00;1496,25;1491,25;748,13;745,63
1998;4;65;Louisiana Fiery Hot Pepper Sauce;Condiments;1;21,05;21,05;0,00;442,05;442,05;442,05;442,05
1998;4;67;Laughing Lumberjack Lager;Beverages;1;14,00;14,00;0,00;280,00;280;280,00;280
1998;4;68;Scottish Longbreads;Confections;2;12,50;12,50;0,00;550,00;550;275,00;275
1998;4;69;Gudbrandsdalsost;Dairy Products;2;36,00;36,00;0,00;2376,00;2372,4;1188,00;1186,2
1998;4;70;Outback Lager;Beverages;5;15,00;15,00;0,00;1035,00;1028,6;207,00;205,72
1998;4;71;Flotemysost;Dairy Products;6;21,50;21,50;0,00;4235,50;4232,5;705,92;705,42
1998;4;72;Mozzarella di Giovanni;Dairy Products;2;34,80;34,80;0,00;1287,60;1287,6;643,80;643,8
1998;4;74;Longlife Tofu;Produce;1;10,00;10,00;0,00;200,00;200;200,00;200
1998;4;75;Rhönbräu Klosterbier;Beverages;1;7,75;7,75;0,00;232,50;232,5;232,50;232,5
1998;4;76;Lakkalikööri;Beverages;3;18,00;18,00;0,00;2628,00;2605;876,00;868,33
1998;4;77;Original Frankfurter grüne Soße;Condiments;4;13,00;13,00;0,00;1027,00;1025,95;256,75;256,49
1998;5;1;Chai;Beverages;1;18,00;18,00;0,00;720,00;714;720,00;714
1998;5;2;Chang;Beverages;4;19,00;19,00;0,00;1178,00;1168,7;294,50;292,17
1998;5;3;Aniseed Syrup;Condiments;1;10,00;10,00;0,00;40,00;40;40,00;40
1998;5;4;Chef Anton's Cajun Seasoning;Condiments;1;22,00;22,00;0,00;22,00;22;22,00;22
1998;5;6;Grandma's Boysenberry Spread;Condiments;2;25,00;25,00;0,00;525,00;519,98;262,50;259,99
1998;5;7;Uncle Bob's Organic Dried Pears;Produce;2;30,00;30,00;0,00;480,00;479,2;240,00;239,6
1998;5;8;Northwoods Cranberry Sauce;Condiments;1;40,00;40,00;0,00;80,00;79,8;80,00;79,8
1998;5;10;Ikura;Seafood;1;31,00;31,00;0,00;31,00;31;31,00;31
1998;5;11;Queso Cabrales;Dairy Products;1;21,00;21,00;0,00;210,00;210;210,00;210
1998;5;12;Queso Manchego La Pastora;Dairy Products;1;38,00;38,00;0,00;76,00;75,9;76,00;75,9
1998;5;13;Konbu;Seafood;2;6,00;6,00;0,00;84,00;83,5;42,00;41,75
1998;5;14;Tofu;Produce;2;23,25;23,25;0,00;488,25;483,22;244,13;241,61
1998;5;16;Pavlova;Confections;4;17,45;17,45;0,00;855,05;849,79;213,76;212,45
1998;5;17;Alice Mutton;Meat/Poultry;1;39,00;39,00;0,00;3003,00;2995,3;3003,00;2995,3
1998;5;19;Teatime Chocolate Biscuits;Confections;2;9,20;9,20;0,00;478,40;475,9;239,20;237,95
1998;5;20;Sir Rodney's Marmalade;Confections;1;81,00;81,00;0,00;81,00;80,96;81,00;80,96
1998;5;23;Tunnbröd;Grains/Cereals;1;9,00;9,00;0,00;18,00;18;18,00;18
1998;5;24;Guaraná Fantástica;Beverages;1;4,50;4,50;0,00;90,00;90;90,00;90
1998;5;28;Rössle Sauerkraut;Produce;1;45,60;45,60;0,00;364,80;363,6;364,80;363,6
1998;5;30;Nord-Ost Matjeshering;Seafood;1;25,89;25,89;0,00;103,56;102,56;103,56;102,56
1998;5;31;Gorgonzola Telino;Dairy Products;1;12,50;12,50;0,00;250,00;250;250,00;250
1998;5;32;Mascarpone Fabioli;Dairy Products;1;32,00;32,00;0,00;32,00;32;32,00;32
1998;5;34;Sasquatch Ale;Beverages;1;14,00;14,00;0,00;490,00;490;490,00;490
1998;5;39;Chartreuse verte;Beverages;2;18,00;18,00;0,00;396,00;395,9;198,00;197,95
1998;5;41;Jack's New England Clam Chowder;Seafood;4;9,65;9,65;0,00;617,60;617,6;154,40;154,4
1998;5;43;Ipoh Coffee;Beverages;1;46,00;46,00;0,00;1656,00;1650,6;1656,00;1650,6
1998;5;46;Spegesild;Seafood;2;12,00;12,00;0,00;396,00;391,44;198,00;195,72
1998;5;50;Valkoinen suklaa;Confections;1;16,25;16,25;0,00;357,50;357,5;357,50;357,5
1998;5;52;Filo Mix;Grains/Cereals;1;7,00;7,00;0,00;14,00;14;14,00;14
1998;5;53;Perth Pasties;Meat/Poultry;1;32,80;32,80;0,00;820,00;817,5;820,00;817,5
1998;5;54;Tourtière;Meat/Poultry;1;7,45;7,45;0,00;149,00;144;149,00;144
1998;5;55;Pâté chinois;Meat/Poultry;2;24,00;24,00;0,00;144,00;143,6;72,00;71,8
1998;5;60;Camembert Pierrot;Dairy Products;1;34,00;34,00;0,00;68,00;67,88;68,00;67,88
1998;5;64;Wimmers gute Semmelknödel;Grains/Cereals;2;33,25;33,25;0,00;4389,00;4388,94;2194,50;2194,47
1998;5;66;Louisiana Hot Spiced Okra;Condiments;1;17,00;17,00;0,00;17,00;17;17,00;17
1998;5;68;Scottish Longbreads;Confections;1;12,50;12,50;0,00;687,50;687,5;687,50;687,5
1998;5;73;Röd Kaviar;Seafood;1;15,00;15,00;0,00;30,00;29,98;30,00;29,98
1998;5;75;Rhönbräu Klosterbier;Beverages;1;7,75;7,75;0,00;31,00;31;31,00;31
1998;5;76;Lakkalikööri;Beverages;1;18,00;18,00;0,00;36,00;35,7;36,00;35,7
1998;5;77;Original Frankfurter grüne Soße;Condiments;2;13,00;13,00;0,00;390,00;385,8;195,00;192,9
